gouvernorat,year,fire_count,area_burned_ha,forest_area_ha,other_forest_area_ha,tavg,tmax,tmin,prcp,wspd,pres,NDVI,NDMI,NBR,risk_score,risk_class,legacy_risk_class,strategic_severity_score,strategic_risk_class,predicted_risk_class,prob_High,prob_Low,prob_Medium,predicted_fire_count,predicted_area_burned_ha,predicted_severity_score,model_version,severity_target_definition,total_forest_area_ha,forest_share,log_forest_area,log_other_forest_area,log_total_forest_area,temp_range,heat_drought_index,dryness_index,veg_dryness,year_idx,fire_count_lag1,fire_count_lag2,fire_count_lag3,fire_count_roll3_mean,fire_count_roll3_max,fire_count_hist_mean,fire_count_hist_max,log1p_fire_count_lag1,log1p_fire_count_roll3_mean,log1p_fire_count_hist_max,area_burned_ha_lag1,area_burned_ha_lag2,area_burned_ha_lag3,area_burned_ha_roll3_mean,area_burned_ha_roll3_max,area_burned_ha_hist_mean,area_burned_ha_hist_max,log1p_area_burned_ha_lag1,log1p_area_burned_ha_roll3_mean,log1p_area_burned_ha_hist_max,fire_density_lag1_per_1000ha,area_density_lag1_per_1000ha
Ariana,2015,10.0,4.608,1141.0,1522.0,23.13636363636364,34.6,12.5,15.2,17.43,1020.1,0.092031613881219,-0.069317410783302,0.0008058387504478,0.4190311957013133,Medium,Medium,0.4190311957013133,Medium,Medium,0.0,0.0,1.0,8.524010874500062,3.0203279906930063,0.380881450438024,strategic_annual_v2_robust_hybrid,global_log_robust_score_60pct_fire_count_40pct_burned_area,2663.0,0.4284641381900113,7.040536390215956,7.328437352895162,7.88758403166028,22.1,1.373015873015873,34.296,0.069317410783302,0,,,,,,,,,,,,,,,,,,,,,,
Ariana,2016,15.0,36.58,1141.0,1522.0,21.453333333333333,39.0,4.5,49.1,14.306666666666668,1017.1910714285714,0.0901455429964953,-0.0773824890622776,-0.0013287955210824,0.5769104141980688,High,High,0.5769104141980688,High,Medium,0.0,0.0,1.0,12.148214436533857,19.159299341912615,0.5153501736358315,strategic_annual_v2_robust_hybrid,global_log_robust_score_60pct_fire_count_40pct_burned_area,2663.0,0.4284641381900113,7.040536390215956,7.328437352895162,7.88758403166028,34.5,0.6598984771573604,38.018,0.0773824890622776,1,10.0,,,10.0,10.0,10.0,10.0,2.3978952727983707,2.3978952727983707,2.3978952727983707,4.608,,,4.608,4.608,4.608,4.608,1.7241941497322888,1.7241941497322888,1.7241941497322888,3.755163349605708,1.7303792714983102
Ariana,2017,10.0,4.25,1141.0,1522.0,19.53288043478261,42.7,-4.8,318.4,13.078474114441418,1017.2449035812672,0.0953169830541285,-0.0616613672352681,0.0108300938444385,0.4152982423762808,Medium,Medium,0.4152982423762808,Medium,Medium,0.0,0.0,1.0,15.0,12.479761363388166,0.5188907098539228,strategic_annual_v2_robust_hybrid,global_log_robust_score_60pct_fire_count_40pct_burned_area,2663.0,0.4284641381900113,7.040536390215956,7.328437352895162,7.88758403166028,47.5,0.1300243605359318,36.332,0.0616613672352681,2,15.0,10.0,,12.5,15.0,12.5,15.0,2.772588722239781,2.6026896854443837,2.772588722239781,36.58,4.608,,20.593999999999998,36.58,20.593999999999998,36.58,3.6264719939853194,3.0724154983249488,3.6264719939853194,5.632745024408562,13.736387532857679
Ariana,2018,9.0,35.875,1141.0,1522.0,19.576712328767123,43.6,-6.5,491.3,12.968406593406591,1012.401699716714,0.0951690392883357,-0.0662696713284299,0.0042307633280434,0.5128302404241587,Medium,Medium,0.5128302404241587,Medium,High,0.012097585056485284,0.0,0.9879024149435147,15.0,24.71646349724774,0.5554439132754184,strategic_annual_v2_robust_hybrid,global_log_robust_score_60pct_fire_count_40pct_burned_area,2663.0,0.4284641381900113,7.040536390215956,7.328437352895162,7.88758403166028,50.1,0.0869738679433473,33.774,0.0662696713284299,3,10.0,15.0,10.0,11.666666666666666,15.0,11.666666666666666,15.0,2.3978952727983707,2.538973871058276,2.772588722239781,4.25,36.58,4.608,15.145999999999999,36.58,15.145999999999999,36.58,1.6582280766035324,2.7816723409728237,3.6264719939853194,3.755163349605708,1.5959444235824258
Ariana,2019,8.0,26.654,1141.0,1522.0,19.90608465608465,44.1,4.0,530.5,13.93968253968254,1015.5899470899471,0.0985081899615801,-0.0619976885841751,0.0098753368347586,0.48242141428529395,Medium,Medium,0.48242141428529395,Medium,High,0.0005726245053073854,0.0,0.9994273754946926,15.0,22.464391440592703,0.5502576810273884,strategic_annual_v2_robust_hybrid,global_log_robust_score_60pct_fire_count_40pct_burned_area,2663.0,0.4284641381900113,7.040536390215956,7.328437352895162,7.88758403166028,40.1,0.08159111933395005,33.49,0.0619976885841751,4,9.0,10.0,15.0,11.333333333333334,15.0,11.0,15.0,2.302585092994046,2.512305623976115,2.772588722239781,35.875,4.25,36.58,25.56833333333333,36.58,20.328249999999997,36.58,3.607533814659984,3.2797200304175003,3.6264719939853194,3.379647014645137,13.471648516710477
Ariana,2020,8.0,17.0,1141.0,1522.0,19.808130081300813,42.0,3.5,423.8,12.8159891598916,1017.2853658536584,0.0891483653821934,-0.0682735874144097,0.0013409184681932,0.4581221806157113,Medium,Medium,0.4581221806157113,Medium,Medium,0.0,0.0,1.0,15.0,20.201705934859667,0.5445194236872578,strategic_annual_v2_robust_hybrid,global_log_robust_score_60pct_fire_count_40pct_burned_area,2663.0,0.4284641381900113,7.040536390215956,7.328437352895162,7.88758403166028,38.5,0.09681881051175657,33.524,0.0682735874144097,5,8.0,9.0,10.0,9.0,10.0,10.4,15.0,2.1972245773362196,2.302585092994046,2.772588722239781,26.654,35.875,4.25,22.259666666666664,35.875,21.5934,36.58,3.3197703829664262,3.1467208162340343,3.6264719939853194,3.0041306796845664,10.009012392039054
Ariana,2021,8.0,40.45,1141.0,1522.0,20.48293963254593,49.0,3.5,350.3,12.635695538057742,1016.2451443569554,0.0910379044602431,-0.0703392148485857,-0.0028129693725397,0.5053239679844418,Medium,Medium,0.5053239679844418,Medium,High,0.07690331685981718,0.0,0.9230966831401828,15.0,42.054707310376955,0.5846064925869178,strategic_annual_v2_robust_hybrid,global_log_robust_score_60pct_fire_count_40pct_burned_area,2663.0,0.4284641381900113,7.040536390215956,7.328437352895162,7.88758403166028,45.5,0.1359977796280877,41.994,0.0703392148485857,6,8.0,8.0,9.0,8.333333333333334,9.0,10.0,15.0,2.1972245773362196,2.2335922215070942,2.772588722239781,17.0,26.654,35.875,26.509666666666664,35.875,20.827833333333334,36.58,2.8903717578961645,3.314537458057064,3.6264719939853194,3.0041306796845664,6.383777694329703
Ariana,2022,10.0,846.9,1141.0,1522.0,22.79715536105033,44.6,3.0,268.3,12.431072210065643,1016.3715536105032,0.0904326293344522,-0.0712960055127772,-0.004417121716374,0.703026911743833,High,High,0.703026911743833,High,High,0.2685423384657969,0.0,0.7314576615342031,15.0,196.6306448250216,0.6708440523096086,strategic_annual_v2_robust_hybrid,global_log_robust_score_60pct_fire_count_40pct_burned_area,2663.0,0.4284641381900113,7.040536390215956,7.328437352895162,7.88758403166028,41.6,0.1602587136183974,39.234,0.0712960055127772,7,8.0,8.0,8.0,8.0,8.0,9.714285714285714,15.0,2.1972245773362196,2.1972245773362196,2.772588722239781,40.45,17.0,26.654,28.034666666666666,40.45,23.631,40.45,3.724487881581304,3.368490518360891,3.724487881581304,3.0041306796845664,15.189635749155089
Ariana,2023,4.0,18.5,1141.0,1522.0,20.674054054054054,49.0,1.4,305.2,12.696756756756756,1016.3656756756756,0.0809199306117161,-0.0740600436045165,-0.0098012321273791,0.3838532927296362,Medium,Medium,0.3838532927296362,Medium,Medium,0.0,0.0,1.0,15.0,18.152232858182284,0.5387664547480318,strategic_annual_v2_robust_hybrid,global_log_robust_score_60pct_fire_count_40pct_burned_area,2663.0,0.4284641381900113,7.040536390215956,7.328437352895162,7.88758403166028,47.6,0.15545685279187818,42.896,0.0740600436045165,8,10.0,8.0,8.0,8.666666666666666,10.0,9.75,15.0,2.3978952727983707,2.268683541318364,2.772588722239781,846.9,40.45,17.0,301.45,846.9,126.539625,846.9,6.742762704309957,5.711915974552923,6.742762704309957,3.755163349605708,318.0247840781074
Ariana,2024,11.0,11.55,1141.0,1522.0,20.81517615176152,43.4,4.5,270.6,12.505149051490514,1016.5620596205964,0.0919173119031877,-0.0724141724151161,-0.0054989141262618,0.4762798333101089,Medium,Medium,0.4762798333101089,Medium,Medium,0.0,0.0,1.0,15.0,13.397594511348194,0.5226183251035734,strategic_annual_v2_robust_hybrid,global_log_robust_score_60pct_fire_count_40pct_burned_area,2663.0,0.4284641381900113,7.040536390215956,7.328437352895162,7.88758403166028,38.9,0.15466856735566642,37.988,0.0724141724151161,9,4.0,10.0,8.0,7.333333333333333,10.0,9.11111111111111,15.0,1.6094379124341003,2.120263536200091,2.772588722239781,18.5,846.9,40.45,301.95,846.9,114.53522222222222,846.9,2.970414465569701,5.713567775390998,6.742762704309957,1.5020653398422832,6.947052196770559
Ariana,2025,21.0,8.12,1141.0,1522.0,20.45917808219178,45.2,0.7,422.3,11.813424657534243,1016.4498630136986,0.0967184463527816,-0.0661117097889653,0.0089611435498509,0.5394720513545966,Medium,High,0.5394720513545966,Medium,High,0.14852141536157107,0.0,0.851478584638429,29.469418411076873,15.54404238311945,0.616834636912707,strategic_annual_v2_robust_hybrid,global_log_robust_score_60pct_fire_count_40pct_burned_area,2663.0,0.4284641381900113,7.040536390215956,7.328437352895162,7.88758403166028,44.5,0.10455702058755494,36.754000000000005,0.0661117097889653,10,11.0,4.0,10.0,8.333333333333334,11.0,9.3,15.0,2.4849066497880004,2.2335922215070942,2.772588722239781,11.55,18.5,846.9,292.31666666666666,846.9,104.2367,846.9,2.529720665577793,5.68125279900811,6.742762704309957,4.130679684566279,4.337213668794593
Beja,2015,28.0,50.046,48117.0,32063.0,26.910591801085896,40.74,14.3,2.055555555555556,13.165516360070134,1019.06875,0.092031613881219,-0.069317410783302,0.0008058387504478,0.6739672609220979,High,High,0.6739672609220979,High,High,0.2554958270924542,0.0,0.7445041729075458,29.181063713061572,38.61553121355983,0.6649731221916044,strategic_annual_v2_robust_hybrid,global_log_robust_score_60pct_fire_count_40pct_burned_area,80180.0,0.6001122474432526,10.781411606465092,10.375489184444536,11.292041858056864,26.44,3.3793548387096775,40.69888888888889,0.069317410783302,0,,,,,,,,,,,,,,,,,,,,,,
Beja,2016,44.0,76.58,48117.0,32063.0,22.00346496085974,40.23333333333333,4.311111111111111,5.672727272727273,13.619223517905713,1016.8962394965932,0.0893327709117126,-0.079292706691506,-0.003075862418195,0.7565557222235821,High,High,0.7565557222235821,High,High,0.4196665525946215,0.0,0.5803334474053785,35.9644282365114,89.41628170353412,0.7388499486675797,strategic_annual_v2_robust_hybrid,global_log_robust_score_60pct_fire_count_40pct_burned_area,80180.0,0.6001122474432526,10.781411606465092,10.375489184444536,11.292041858056864,35.92222222222222,2.567092034029389,40.11987878787878,0.079292706691506,1,28.0,,,28.0,28.0,28.0,28.0,3.367295829986474,3.367295829986474,3.367295829986474,50.046,,,50.046,50.046,50.046,50.046,3.9327271869864378,3.9327271869864378,3.9327271869864378,0.34921426789723126,0.624170616113744
Beja,2017,41.0,516.769,48117.0,32063.0,21.272126366616064,44.44444444444444,0.3555555555555555,88.8,13.01565390444876,1016.840465441503,0.0944268191107382,-0.0640609529810337,0.0081922118807939,0.8547248905921779,High,High,0.8547248905921779,High,High,0.6939887341116164,0.0,0.30601126588838357,44.7073334452227,483.3992535365716,0.8622949303502274,strategic_annual_v2_robust_hybrid,global_log_robust_score_60pct_fire_count_40pct_burned_area,80180.0,0.6001122474432526,10.781411606465092,10.375489184444536,11.292041858056864,44.08888888888889,0.44984255510571297,42.66844444444444,0.0640609529810337,2,44.0,28.0,,36.0,44.0,36.0,44.0,3.8066624897703196,3.6109179126442243,3.8066624897703196,76.58,50.046,,63.313,76.58,63.313,76.58,4.351309662011821,4.163761788102434,4.351309662011821,0.5487652781242205,0.9551010226989274
Beja,2018,55.0,76.149,48117.0,32063.0,20.45376754505939,45.14545454545455,1.8272727272727276,145.47272727272727,13.72608376889212,1015.0103880944704,0.0955617574094754,-0.0658221039135673,0.0047613527309758,0.7855578412406116,High,High,0.7855578412406116,High,High,0.5514493421198216,0.0,0.44855065788017845,47.308295145534565,135.77179133491734,0.7981522039539197,strategic_annual_v2_robust_hybrid,global_log_robust_score_60pct_fire_count_40pct_burned_area,80180.0,0.6001122474432526,10.781411606465092,10.375489184444536,11.292041858056864,43.31818181818182,0.29037539469067947,42.236000000000004,0.0658221039135673,3,41.0,44.0,28.0,37.666666666666664,44.0,37.666666666666664,44.0,3.7376696182833684,3.654977902438255,3.8066624897703196,516.769,76.58,50.046,214.465,516.769,214.465,516.769,6.249529196850072,5.372798483360345,6.249529196850072,0.51134946370666,6.445111000249439
Beja,2019,18.0,204.91,48117.0,32063.0,20.614126650036905,44.88181818181818,-1.9909090909090907,135.0,14.138777271102883,1015.6160992473164,0.1002167567313819,-0.0613751843207113,0.0105994909584519,0.6962045964218945,High,High,0.6962045964218945,High,High,0.641140883340752,0.0,0.35885911665924797,55.0,195.67079052287912,0.8385133975033384,strategic_annual_v2_robust_hybrid,global_log_robust_score_60pct_fire_count_40pct_burned_area,80180.0,0.6001122474432526,10.781411606465092,10.375489184444536,11.292041858056864,46.872727272727275,0.30952978056426333,42.18181818181818,0.0613751843207113,4,55.0,41.0,44.0,46.666666666666664,55.0,42.0,55.0,4.02535169073515,3.8642323415917974,4.02535169073515,76.149,516.769,76.58,223.16599999999997,516.769,179.886,516.769,4.3457386169623655,5.412386848825767,6.249529196850072,0.6859565976552757,0.9497256173609379
Beja,2020,97.0,1084.49,48117.0,32063.0,21.32628943746091,44.554545454545455,1.1909090909090911,142.9090909090909,13.39006922932628,1016.870473618858,0.089773676161205,-0.0687745252228453,0.0008038702147865,0.9955449605024298,High,High,0.9955449605024298,High,High,0.8801476940400991,0.0,0.11985230595990093,85.81559272164868,464.6705533641094,0.9460664623180446,strategic_annual_v2_robust_hybrid,global_log_robust_score_60pct_fire_count_40pct_burned_area,80180.0,0.6001122474432526,10.781411606465092,10.375489184444536,11.292041858056864,43.36363636363637,0.2913793103448276,41.696363636363635,0.0687745252228453,5,18.0,55.0,41.0,38.0,55.0,37.2,55.0,2.9444389791664403,3.6635616461296463,4.02535169073515,204.91,76.149,516.769,265.94266666666664,516.769,184.89079999999998,516.769,5.327439180120055,5.587033903756604,6.249529196850072,0.22449488650536292,2.555624844100773
Beja,2021,37.0,189.468,48117.0,32063.0,22.090646902066204,47.654545454545456,0.1,152.75454545454545,13.769729967386246,1016.1590162087292,0.0905608688829926,-0.0713604012728932,-0.0033992255451026,0.7847162115168402,High,High,0.7847162115168402,High,High,0.8572036333171085,0.0,0.14279636668289153,97.0,376.27913008703206,0.9357416349926988,strategic_annual_v2_robust_hybrid,global_log_robust_score_60pct_fire_count_40pct_burned_area,80180.0,0.6001122474432526,10.781411606465092,10.375489184444536,11.292041858056864,47.554545454545455,0.29280008937049656,44.59945454545455,0.0713604012728932,6,97.0,18.0,55.0,56.666666666666664,97.0,47.166666666666664,97.0,4.584967478670572,4.054679305829669,4.584967478670572,1084.49,204.91,76.149,455.183,1084.49,334.824,1084.49,6.989786776931371,6.122894044798216,6.989786776931371,1.2097779995011224,13.525692192566725
Beja,2022,111.0,2166.735,48117.0,32063.0,21.252064231033952,44.22727272727273,1.4909090909090907,161.3909090909091,12.909214717074237,1017.148307525276,0.0906242107034538,-0.0700198996998018,-0.0035175941905388,1.0,High,High,1.0,High,High,0.993832447066254,0.0,0.0061675529337460455,103.50477377010279,1117.1917850739264,0.9972246011798143,strategic_annual_v2_robust_hybrid,global_log_robust_score_60pct_fire_count_40pct_burned_area,80180.0,0.6001122474432526,10.781411606465092,10.375489184444536,11.292041858056864,42.736363636363635,0.25804911685142945,40.99945454545455,0.0700198996998018,7,37.0,97.0,18.0,50.666666666666664,97.0,45.714285714285715,97.0,3.6375861597263857,3.9448128282511368,4.584967478670572,189.468,1084.49,204.91,492.9560000000001,1084.49,314.0588571428571,1084.49,5.249484201454078,6.202446444395148,6.989786776931371,0.4614617111499127,2.3630331753554503
Beja,2023,47.0,624.43,48117.0,32063.0,21.327951415829908,48.02,-4.0600000000000005,279.8818181818182,13.476098520463276,1016.4133592864316,0.0809997969514266,-0.0735073927198614,-0.0094693649058173,0.883316288775127,High,High,0.883316288775127,High,High,0.8948169249156964,0.0,0.10518307508430358,111.0,507.81734881555303,0.9526676162120634,strategic_annual_v2_robust_hybrid,global_log_robust_score_60pct_fire_count_40pct_burned_area,80180.0,0.6001122474432526,10.781411606465092,10.375489184444536,11.292041858056864,52.080000000000005,0.16565371467996365,42.42236363636364,0.0735073927198614,8,111.0,37.0,97.0,81.66666666666667,111.0,53.875,111.0,4.718498871295094,4.4148164574968725,4.718498871295094,2166.735,189.468,1084.49,1146.8976666666667,2166.735,545.643375,2166.735,7.681438122616215,7.045687432371996,7.681438122616215,1.3843851334497381,27.023384884010976
Beja,2024,30.0,142.0,48117.0,32063.0,21.380369550463985,44.08,-2.0699999999999994,204.7636363636364,13.516285262934412,1016.5428084522988,0.0920861443895239,-0.0728686836881644,-0.0058181283102766,0.7412011811789836,High,High,0.7412011811789836,High,High,0.7666920853577377,0.0,0.2333079146422623,111.0,182.68649952740736,0.895011438410982,strategic_annual_v2_robust_hybrid,global_log_robust_score_60pct_fire_count_40pct_burned_area,80180.0,0.6001122474432526,10.781411606465092,10.375489184444536,11.292041858056864,46.15,0.2052488994243142,39.98472727272727,0.0728686836881644,9,47.0,111.0,37.0,65.0,111.0,53.111111111111114,111.0,3.871201010907891,4.189654742026425,4.718498871295094,624.43,2166.735,189.468,993.5443333333334,2166.735,554.3974444444444,2166.735,6.438439413172899,6.902284675815602,7.681438122616215,0.586181092541781,7.787852332252432
Beja,2025,159.0,946.12,48117.0,32063.0,20.89816438356164,45.52,-1.9800000000000004,290.94545454545454,12.69,1016.4559146705442,0.0967333375602803,-0.0660922573226358,0.0089816370894008,0.9878284308686553,High,High,0.9878284308686553,High,High,0.8981872781701608,0.0,0.10181272182983925,137.4316876842223,521.6387078224625,0.9541842751765723,strategic_annual_v2_robust_hybrid,global_log_robust_score_60pct_fire_count_40pct_burned_area,80180.0,0.6001122474432526,10.781411606465092,10.375489184444536,11.292041858056864,47.5,0.1512566457225713,39.701090909090915,0.0660922573226358,10,30.0,47.0,111.0,62.666666666666664,111.0,50.8,111.0,3.4339872044851463,4.15366113937852,4.718498871295094,142.0,624.43,2166.735,977.7216666666667,2166.735,513.1577,2166.735,4.962844630259907,6.8862472983972784,7.681438122616215,0.3741581441756049,1.7710152157645298
Ben Arous,2015,0.0,0.0,12920.0,5179.0,26.910591801085896,40.74,14.3,2.055555555555556,13.165516360070134,1019.06875,0.092031613881219,-0.069317410783302,0.0008058387504478,0.0,Low,Low,0.0,Low,Medium,0.0,0.0,1.0,3.9264595253897663,2.2279335498401323,0.2800875012803062,strategic_annual_v2_robust_hybrid,global_log_robust_score_60pct_fire_count_40pct_burned_area,18099.0,0.7138515940107188,9.46660917372222,8.55256033525353,9.803667217253917,26.44,3.3793548387096775,40.69888888888889,0.069317410783302,0,,,,,,,,,,,,,,,,,,,,,,
Ben Arous,2016,7.0,37.25,12920.0,5179.0,22.00346496085974,40.23333333333333,4.311111111111111,5.672727272727273,13.619223517905713,1016.8962394965932,0.0893327709117126,-0.079292706691506,-0.003075862418195,0.4849874217994546,Medium,Medium,0.4849874217994546,Medium,Medium,0.0,0.0,1.0,2.133511740952184,2.28949020023046,0.22049906472475625,strategic_annual_v2_robust_hybrid,global_log_robust_score_60pct_fire_count_40pct_burned_area,18099.0,0.7138515940107188,9.46660917372222,8.55256033525353,9.803667217253917,35.92222222222222,2.567092034029389,40.11987878787878,0.079292706691506,1,0.0,,,0.0,0.0,0.0,0.0,0.0,0.0,0.0,0.0,,,0.0,0.0,0.0,0.0,0.0,0.0,0.0,0.0,0.0
Ben Arous,2017,7.0,2.77,12920.0,5179.0,21.272126366616064,44.44444444444444,0.3555555555555555,88.8,13.01565390444876,1016.840465441503,0.0944268191107382,-0.0640609529810337,0.0081922118807939,0.3538668567771089,Medium,Medium,0.3538668567771089,Medium,Medium,0.0,0.0,1.0,7.111421699061377,4.8773291417168005,0.3808481797045813,strategic_annual_v2_robust_hybrid,global_log_robust_score_60pct_fire_count_40pct_burned_area,18099.0,0.7138515940107188,9.46660917372222,8.55256033525353,9.803667217253917,44.08888888888889,0.44984255510571297,42.66844444444444,0.0640609529810337,2,7.0,0.0,,3.5,7.0,3.5,7.0,2.0794415416798357,1.5040773967762742,2.0794415416798357,37.25,0.0,,18.625,37.25,18.625,37.25,3.644143560272545,2.976804263668472,3.644143560272545,0.38676169954141115,2.0581247582739377
Ben Arous,2018,4.0,5.5,12920.0,5179.0,20.45376754505939,45.14545454545455,1.8272727272727276,145.47272727272727,13.72608376889212,1015.0103880944704,0.0955617574094754,-0.0658221039135673,0.0047613527309758,0.321683935037228,Medium,Medium,0.321683935037228,Medium,Medium,0.0,0.0,1.0,7.0,5.076351115379651,0.38087844273510807,strategic_annual_v2_robust_hybrid,global_log_robust_score_60pct_fire_count_40pct_burned_area,18099.0,0.7138515940107188,9.46660917372222,8.55256033525353,9.803667217253917,43.31818181818182,0.29037539469067947,42.236000000000004,0.0658221039135673,3,7.0,7.0,0.0,4.666666666666667,7.0,4.666666666666667,7.0,2.0794415416798357,1.7346010553881064,2.0794415416798357,2.77,37.25,0.0,13.340000000000002,37.25,13.340000000000002,37.25,1.3270750014599193,2.6630528351714746,3.644143560272545,0.38676169954141115,0.1530471296756727
Ben Arous,2019,4.0,10.25,12920.0,5179.0,20.614126650036905,44.88181818181818,-1.9909090909090907,135.0,14.138777271102883,1015.6160992473164,0.1002167567313819,-0.0613751843207113,0.0105994909584519,0.35272672713406084,Medium,Medium,0.35272672713406084,Medium,Medium,0.0,0.0,1.0,7.0,8.518729027454096,0.4062788041169493,strategic_annual_v2_robust_hybrid,global_log_robust_score_60pct_fire_count_40pct_burned_area,18099.0,0.7138515940107188,9.46660917372222,8.55256033525353,9.803667217253917,46.872727272727275,0.30952978056426333,42.18181818181818,0.0613751843207113,4,4.0,7.0,7.0,6.0,7.0,4.5,7.0,1.6094379124341003,1.9459101490553132,2.0794415416798357,5.5,2.77,37.25,15.173333333333332,37.25,11.379999999999999,37.25,1.8718021769015913,2.7833637954077397,3.644143560272545,0.22100668545223492,0.303884192496823
Ben Arous,2020,4.0,4.1,12920.0,5179.0,21.32628943746091,44.554545454545455,1.1909090909090911,142.9090909090909,13.39006922932628,1016.870473618858,0.089773676161205,-0.0687745252228453,0.0008038702147865,0.3079576174461137,Medium,Medium,0.3079576174461137,Medium,Medium,0.0,0.0,1.0,7.0,7.520957334662588,0.4000125562648289,strategic_annual_v2_robust_hybrid,global_log_robust_score_60pct_fire_count_40pct_burned_area,18099.0,0.7138515940107188,9.46660917372222,8.55256033525353,9.803667217253917,43.36363636363637,0.2913793103448276,41.696363636363635,0.0687745252228453,5,4.0,4.0,7.0,5.0,7.0,4.4,7.0,1.6094379124341003,1.791759469228055,2.0794415416798357,10.25,5.5,2.77,6.173333333333333,10.25,11.154,37.25,2.4203681286504293,1.970370446625474,3.644143560272545,0.22100668545223492,0.5663296314713521
Ben Arous,2021,5.0,11.0,12920.0,5179.0,22.090646902066204,47.654545454545456,0.1,152.75454545454545,13.769729967386246,1016.1590162087292,0.0905608688829926,-0.0713604012728932,-0.0033992255451026,0.38082084505305236,Medium,Medium,0.38082084505305236,Medium,Medium,0.0,0.0,1.0,7.0,13.442000228720811,0.42986958238685663,strategic_annual_v2_robust_hybrid,global_log_robust_score_60pct_fire_count_40pct_burned_area,18099.0,0.7138515940107188,9.46660917372222,8.55256033525353,9.803667217253917,47.554545454545455,0.29280008937049656,44.59945454545455,0.0713604012728932,6,4.0,4.0,4.0,4.0,4.0,4.333333333333333,7.0,1.6094379124341003,1.6094379124341003,2.0794415416798357,4.1,10.25,5.5,6.616666666666667,10.25,9.978333333333333,37.25,1.62924053973028,2.0303388286721042,3.644143560272545,0.22100668545223492,0.22653185258854078
Ben Arous,2022,11.0,885.5,12920.0,5179.0,21.252064231033952,44.22727272727273,1.4909090909090907,161.3909090909091,12.909214717074237,1017.148307525276,0.0906242107034538,-0.0700198996998018,-0.0035175941905388,0.7172108713669816,High,High,0.7172108713669816,High,High,0.02256451654739521,0.0,0.9774354834526048,8.649957864495981,91.59333869621855,0.5601540324463279,strategic_annual_v2_robust_hybrid,global_log_robust_score_60pct_fire_count_40pct_burned_area,18099.0,0.7138515940107188,9.46660917372222,8.55256033525353,9.803667217253917,42.736363636363635,0.25804911685142945,40.99945454545455,0.0700198996998018,7,5.0,4.0,4.0,4.333333333333333,5.0,4.428571428571429,7.0,1.791759469228055,1.6739764335716716,2.0794415416798357,11.0,4.1,10.25,8.450000000000001,11.0,10.124285714285715,37.25,2.4849066497880004,2.2460147415056513,3.644143560272545,0.27625835681529365,0.607768384993646
Ben Arous,2023,0.0,0.0,12920.0,5179.0,21.327951415829908,48.02,-4.0600000000000005,279.8818181818182,13.476098520463276,1016.4133592864316,0.0809997969514266,-0.0735073927198614,-0.0094693649058173,0.0,Low,Low,0.0,Low,Medium,0.0,0.0,1.0,11.0,3.2901335770827247,0.41553705528196544,strategic_annual_v2_robust_hybrid,global_log_robust_score_60pct_fire_count_40pct_burned_area,18099.0,0.7138515940107188,9.46660917372222,8.55256033525353,9.803667217253917,52.080000000000005,0.16565371467996365,42.42236363636364,0.0735073927198614,8,11.0,5.0,4.0,6.666666666666667,11.0,5.25,11.0,2.4849066497880004,2.03688192726104,2.4849066497880004,885.5,11.0,4.1,300.2,885.5,119.54625,885.5,6.787281125514262,5.707774495925738,6.787281125514262,0.607768384993646,48.925354991988506
Ben Arous,2024,4.0,1.42,12920.0,5179.0,21.380369550463985,44.08,-2.0699999999999994,204.7636363636364,13.516285262934412,1016.5428084522988,0.0920861443895239,-0.0728686836881644,-0.0058181283102766,0.26577205477052285,Medium,Medium,0.26577205477052285,Medium,Medium,0.0,0.0,1.0,11.0,2.3929345100616355,0.4022599949507152,strategic_annual_v2_robust_hybrid,global_log_robust_score_60pct_fire_count_40pct_burned_area,18099.0,0.7138515940107188,9.46660917372222,8.55256033525353,9.803667217253917,46.15,0.2052488994243142,39.98472727272727,0.0728686836881644,9,0.0,11.0,5.0,5.333333333333333,11.0,4.666666666666667,11.0,0.0,1.8458266904983307,2.4849066497880004,0.0,885.5,11.0,298.8333333333333,885.5,106.26333333333334,885.5,0.0,5.703226764722478,6.787281125514262,0.0,0.0
Ben Arous,2025,15.0,2.15,12920.0,5179.0,20.89816438356164,45.52,-1.9800000000000004,290.94545454545454,12.69,1016.4559146705442,0.0967333375602803,-0.0660922573226358,0.0089816370894008,0.4366223775197072,Medium,Medium,0.4366223775197072,Medium,Medium,0.0,0.0,1.0,18.926279974835282,4.343043772278101,0.49594307494449086,strategic_annual_v2_robust_hybrid,global_log_robust_score_60pct_fire_count_40pct_burned_area,18099.0,0.7138515940107188,9.46660917372222,8.55256033525353,9.803667217253917,47.5,0.1512566457225713,39.701090909090915,0.0660922573226358,10,4.0,0.0,11.0,5.0,11.0,4.6,11.0,1.6094379124341003,1.791759469228055,2.4849066497880004,1.42,0.0,885.5,295.64,885.5,95.779,885.5,0.883767540168595,5.69251928237749,6.787281125514262,0.22100668545223492,0.0784573733355434
Bizerte,2015,31.0,89.648,35658.0,55157.0,28.279591836734696,41.3,20.0,0.0,14.703030303030303,1012.625,0.092031613881219,-0.069317410783302,0.0008058387504478,0.7196606989248118,High,High,0.7196606989248118,High,High,0.3731810263387223,0.0,0.6268189736612777,31.54026197362267,83.50101728671689,0.7179314618524251,strategic_annual_v2_robust_hybrid,global_log_robust_score_60pct_fire_count_40pct_burned_area,90815.0,0.3926443869404834,10.48175684839914,10.91795707309181,11.416590760519714,21.299999999999997,4.13,41.3,0.069317410783302,0,,,,,,,,,,,,,,,,,,,,,,
Bizerte,2016,43.0,44.79,35658.0,55157.0,21.771186440677965,40.0,1.7,0.0,13.64074074074074,1016.9622641509434,0.0901455429964953,-0.0773824890622776,-0.0013287955210824,0.7237068202130426,High,High,0.7237068202130426,High,High,0.5004020431797438,0.0,0.4995979568202562,42.91273167319465,113.24923808824853,0.7751809194308847,strategic_annual_v2_robust_hybrid,global_log_robust_score_60pct_fire_count_40pct_burned_area,90815.0,0.3926443869404834,10.48175684839914,10.91795707309181,11.416590760519714,38.3,4.0,40.0,0.0773824890622776,1,31.0,,,31.0,31.0,31.0,31.0,3.4657359027997265,3.4657359027997265,3.4657359027997265,89.648,,,89.648,89.648,89.648,89.648,4.506983874078266,4.506983874078266,4.506983874078266,0.3413533006661895,0.9871496999394372
Bizerte,2017,70.0,4394.661,35658.0,55157.0,20.53286713286713,42.0,2.0,0.0,14.014691943127962,1017.0414868105516,0.094025758163819,-0.0660897374072085,0.0061750491913989,0.9714530035655262,High,High,0.9714530035655262,High,High,0.8793775549155765,0.0,0.12062244508442355,57.599555561055766,1181.2627374265758,0.9457198997120094,strategic_annual_v2_robust_hybrid,global_log_robust_score_60pct_fire_count_40pct_burned_area,90815.0,0.3926443869404834,10.48175684839914,10.91795707309181,11.416590760519714,40.0,4.2,42.0,0.0660897374072085,2,43.0,31.0,,37.0,43.0,37.0,43.0,3.784189633918261,3.6375861597263857,3.784189633918261,44.79,89.648,,67.219,89.648,67.219,89.648,3.824065726669004,4.222723118425133,4.506983874078266,0.47349006221439194,0.49320046247866545
Bizerte,2018,19.0,6.619,35658.0,55157.0,18.727298850574712,41.0,3.0,0.0,14.494134897360704,1015.0937293729372,0.0947695227439494,-0.0669017334355444,0.0035918362439391,0.5165187137771579,Medium,Medium,0.5165187137771579,Medium,High,0.446193933430273,0.0,0.553806066569727,70.0,22.785270494294107,0.7507872700436229,strategic_annual_v2_robust_hybrid,global_log_robust_score_60pct_fire_count_40pct_burned_area,90815.0,0.3926443869404834,10.48175684839914,10.91795707309181,11.416590760519714,38.0,4.1,41.0,0.0669017334355444,3,70.0,43.0,31.0,48.0,70.0,48.0,70.0,4.2626798770413155,3.8918202981106265,4.2626798770413155,4394.661,44.79,89.648,1509.6996666666666,4394.661,1509.6996666666666,4394.661,8.388373196990354,7.3203281779013905,8.388373196990354,0.7707977756978472,48.39135605351539
Bizerte,2019,14.0,1.556,35658.0,55157.0,19.28477011494253,42.0,2.0,0.0,15.56300578034682,1015.6862416107384,0.098347229125622,-0.0631348699786067,0.0087661338421692,0.41614559792643696,Medium,Medium,0.41614559792643696,Medium,High,0.38593069408277897,0.0,0.6140693059172211,70.0,13.729445309428362,0.7236688123372506,strategic_annual_v2_robust_hybrid,global_log_robust_score_60pct_fire_count_40pct_burned_area,90815.0,0.3926443869404834,10.48175684839914,10.91795707309181,11.416590760519714,40.0,4.2,42.0,0.0631348699786067,4,19.0,70.0,43.0,44.0,70.0,40.75,70.0,2.995732273553991,3.8066624897703196,4.2626798770413155,6.619,4394.661,44.79,1482.0233333333333,4394.661,1133.9295,4394.661,2.030645127490873,7.301838075886937,8.388373196990354,0.20921653911798713,0.0728844353906293
Bizerte,2020,74.0,526.191,35658.0,55157.0,20.1255980861244,42.0,1.8,0.0,14.671153846153846,1016.8428927680798,0.0904792090091522,-0.0693640606346143,2.52401142479205e-05,0.9334756146383469,High,High,0.9334756146383469,High,High,0.6756355352864183,0.0,0.3243644647135817,70.0,146.466912115043,0.8540359908788883,strategic_annual_v2_robust_hybrid,global_log_robust_score_60pct_fire_count_40pct_burned_area,90815.0,0.3926443869404834,10.48175684839914,10.91795707309181,11.416590760519714,40.2,4.2,42.0,0.0693640606346143,5,14.0,19.0,70.0,34.333333333333336,70.0,35.4,70.0,2.70805020110221,3.5648268054439574,4.2626798770413155,1.556,6.619,4394.661,1467.612,4394.661,907.4548000000001,4394.661,0.9384435365152884,7.292073016031384,8.388373196990354,0.15415955513956944,0.017133733414083578
Bizerte,2021,87.0,408.24,35658.0,55157.0,19.581984334203653,47.8,0.0,574.5,14.16840731070496,1016.17362924282,0.0886893859693608,-0.0718744848618185,-0.0046078039416328,0.940343251709886,High,High,0.940343251709886,High,High,0.8226988363019939,0.0,0.17730116369800608,78.9139749294212,357.8406217863537,0.9202144763358973,strategic_annual_v2_robust_hybrid,global_log_robust_score_60pct_fire_count_40pct_burned_area,90815.0,0.3926443869404834,10.48175684839914,10.91795707309181,11.416590760519714,47.8,0.08177929854576561,36.309999999999995,0.0718744848618185,6,74.0,14.0,19.0,35.666666666666664,74.0,41.833333333333336,74.0,4.31748811353631,3.6018680771243066,4.31748811353631,526.191,1.556,6.619,178.12199999999999,526.191,843.9108333333334,4394.661,6.267562911722399,5.188067137927136,8.388373196990354,0.8148433628805813,5.794097891317515
Bizerte,2022,86.0,880.623,35658.0,55157.0,21.52318181818182,43.0,0.9,342.1,14.848636363636365,1016.3361363636365,0.0863358356904102,-0.0767558023252623,-0.0097687039062059,0.9824708848056747,High,High,0.9824708848056747,High,High,0.9491658754765928,0.0,0.05083412452340719,105.24219827313762,782.8958427265007,0.9771246439644667,strategic_annual_v2_robust_hybrid,global_log_robust_score_60pct_fire_count_40pct_burned_area,90815.0,0.3926443869404834,10.48175684839914,10.91795707309181,11.416590760519714,42.1,0.12212439647827321,36.158,0.0767558023252623,7,87.0,74.0,14.0,58.333333333333336,87.0,48.285714285714285,87.0,4.477336814478207,4.083171261623976,4.477336814478207,408.24,526.191,1.556,311.99566666666664,526.191,781.6721428571428,4394.661,6.014301781010739,5.746189345928875,8.388373196990354,0.9579915212244673,4.495292627869845
Bizerte,2023,49.0,539.72,35658.0,55157.0,20.537649880095923,48.6,1.0,509.7,15.532374100719425,1016.1225419664268,0.0802181960599627,-0.0743091638333318,-0.0099798386876476,0.8805530291074745,High,High,0.8805530291074745,High,High,0.8856341494376521,0.0,0.11436585056234794,87.0,471.98655811891723,0.9485353672469434,strategic_annual_v2_robust_hybrid,global_log_robust_score_60pct_fire_count_40pct_burned_area,90815.0,0.3926443869404834,10.48175684839914,10.91795707309181,11.416590760519714,47.6,0.09351548970559938,38.406,0.0743091638333318,8,86.0,87.0,74.0,82.33333333333333,87.0,53.0,87.0,4.465908118654584,4.422848629194137,4.477336814478207,880.623,408.24,526.191,605.018,880.623,794.041,4394.661,6.781764526987559,6.406909688598487,8.388373196990354,0.9469801244287839,9.69688928040522
Bizerte,2024,61.0,322.0,35658.0,55157.0,20.39020618556701,42.0,3.7,401.6,15.981958762886595,1016.4245382585752,0.0914903142263916,-0.0720165424359133,-0.0059853904440526,0.8802333324443412,High,High,0.8802333324443412,High,High,0.8453488565204051,0.0,0.15465114347959485,87.0,342.33794060104776,0.9304069854341823,strategic_annual_v2_robust_hybrid,global_log_robust_score_60pct_fire_count_40pct_burned_area,90815.0,0.3926443869404834,10.48175684839914,10.91795707309181,11.416590760519714,38.3,0.1020408163265306,33.968,0.0720165424359133,9,49.0,86.0,87.0,74.0,87.0,52.55555555555556,87.0,3.912023005428146,4.31748811353631,4.477336814478207,539.72,880.623,408.24,609.5276666666667,880.623,765.7831111111112,4394.661,6.292901584792099,6.414323610569246,8.388373196990354,0.5395584429884931,5.943071078566316
Bizerte,2025,103.0,514.66,35658.0,55157.0,19.78904109589041,43.0,4.6,537.3,14.135068493150683,1016.3150837988826,0.0967184463527816,-0.0661117097889653,0.0089611435498509,0.9534235616020059,High,High,0.9534235616020059,High,High,0.8629446312553486,0.0,0.1370553687446514,155.89996121748376,393.9022122104117,0.9383250840649069,strategic_annual_v2_robust_hybrid,global_log_robust_score_60pct_fire_count_40pct_burned_area,90815.0,0.3926443869404834,10.48175684839914,10.91795707309181,11.416590760519714,38.4,0.07856751324684817,32.254000000000005,0.0661117097889653,10,61.0,49.0,86.0,65.33333333333333,86.0,53.4,87.0,4.127134385045092,4.194692536056382,4.477336814478207,322.0,539.72,880.623,580.7810000000001,880.623,721.4048,4394.661,5.777652323222656,6.366094088257301,8.388373196990354,0.6716952045366954,3.5456697682100975
Gabes,2015,2.0,1.0,3528.0,3625.0,26.910591801085896,40.74,14.3,2.055555555555556,13.165516360070134,1019.06875,0.092031613881219,-0.069317410783302,0.0008058387504478,0.1865039813797309,Medium,Medium,0.1865039813797309,Medium,Medium,0.0,0.0,1.0,2.3707569631557854,1.187770509043352,0.2072033373446367,strategic_annual_v2_robust_hybrid,global_log_robust_score_60pct_fire_count_40pct_burned_area,7153.0,0.49321962812805814,8.16876982367527,8.195885391314796,8.875426919818963,26.44,3.3793548387096775,40.69888888888889,0.069317410783302,0,,,,,,,,,,,,,,,,,,,,,,
Gabes,2016,0.0,0.0,3528.0,3625.0,21.125,41.0,4.0,0.0,16.92285714285714,1016.8774193548388,0.0901455429964953,-0.0773824890622776,-0.0013287955210824,0.0,Low,Low,0.0,Low,Medium,0.0,0.0,1.0,2.0,0.06580639269092209,0.15088599563281793,strategic_annual_v2_robust_hybrid,global_log_robust_score_60pct_fire_count_40pct_burned_area,7153.0,0.49321962812805814,8.16876982367527,8.195885391314796,8.875426919818963,37.0,4.1,41.0,0.0773824890622776,1,2.0,,,2.0,2.0,2.0,2.0,1.0986122886681098,1.0986122886681098,1.0986122886681098,1.0,,,1.0,1.0,1.0,1.0,0.6931471805599453,0.6931471805599453,0.6931471805599453,0.2796029637914162,0.1398014818957081
Gabes,2017,0.0,0.0,3528.0,3625.0,19.71797752808989,45.0,1.0,0.0,16.05926966292135,1017.5376811594203,0.0951045061672451,-0.0617202097743574,0.0104360193259212,0.0,Low,Low,0.0,Low,Medium,0.0,0.0,1.0,2.0,0.012486047502148653,0.14798168187162875,strategic_annual_v2_robust_hybrid,global_log_robust_score_60pct_fire_count_40pct_burned_area,7153.0,0.49321962812805814,8.16876982367527,8.195885391314796,8.875426919818963,44.0,4.5,45.0,0.0617202097743574,2,0.0,2.0,,1.0,2.0,1.0,2.0,0.0,0.6931471805599453,1.0986122886681098,0.0,1.0,,0.5,1.0,0.5,1.0,0.0,0.4054651081081644,0.6931471805599453,0.0,0.0
Gabes,2018,0.0,0.0,3528.0,3625.0,20.51780821917808,46.0,1.0,0.0,16.679656160458453,1015.5976261127596,0.0961742486817793,-0.0651297085902541,0.0056161337745213,0.0,Low,Low,0.0,Low,Medium,0.0,0.0,1.0,2.0,0.026592734187357473,0.14876467845573568,strategic_annual_v2_robust_hybrid,global_log_robust_score_60pct_fire_count_40pct_burned_area,7153.0,0.49321962812805814,8.16876982367527,8.195885391314796,8.875426919818963,45.0,4.6,46.0,0.0651297085902541,3,0.0,0.0,2.0,0.6666666666666666,2.0,0.6666666666666666,2.0,0.0,0.5108256237659906,1.0986122886681098,0.0,0.0,1.0,0.3333333333333333,1.0,0.3333333333333333,1.0,0.0,0.2876820724517809,0.6931471805599453,0.0,0.0
Gabes,2019,0.0,0.0,3528.0,3625.0,20.427671232876712,46.0,1.0,28.2,16.2,1015.884383561644,0.1002479460751851,-0.060724870755043,0.0111096921643075,0.0,Low,Low,0.0,Low,Medium,0.0,0.0,1.0,2.0,0.0017195307623998086,0.14737670679197257,strategic_annual_v2_robust_hybrid,global_log_robust_score_60pct_fire_count_40pct_burned_area,7153.0,0.49321962812805814,8.16876982367527,8.195885391314796,8.875426919818963,45.0,1.2041884816753925,45.436,0.060724870755043,4,0.0,0.0,0.0,0.0,0.0,0.5,2.0,0.0,0.0,1.0986122886681098,0.0,0.0,0.0,0.0,0.0,0.25,1.0,0.0,0.0,0.6931471805599453,0.0,0.0
Gabes,2020,0.0,0.0,3528.0,3625.0,21.2879781420765,50.0,1.0,201.8,13.518852459016392,1017.1450819672132,0.0909135027810308,-0.067481124063253,0.002497344808492,0.0,Low,Low,0.0,Low,Medium,0.0,0.0,1.0,2.0,0.0472620495607478,0.14989271729539774,strategic_annual_v2_robust_hybrid,global_log_robust_score_60pct_fire_count_40pct_burned_area,7153.0,0.49321962812805814,8.16876982367527,8.195885391314796,8.875426919818963,49.0,0.2360717658168083,45.964,0.067481124063253,5,0.0,0.0,0.0,0.0,0.0,0.4,2.0,0.0,0.0,1.0986122886681098,0.0,0.0,0.0,0.0,0.0,0.2,1.0,0.0,0.0,0.6931471805599453,0.0,0.0
Gabes,2021,0.0,0.0,3528.0,3625.0,21.161748633879785,47.0,1.0,27.3,13.901092896174864,1016.6407103825136,0.0905089415386035,-0.069976523009739,-0.0029886042647475,0.0,Low,Low,0.0,Low,Medium,0.0,0.0,1.0,2.0,0.07747191645798474,0.15150201148228828,strategic_annual_v2_robust_hybrid,global_log_robust_score_60pct_fire_count_40pct_burned_area,7153.0,0.49321962812805814,8.16876982367527,8.195885391314796,8.875426919818963,46.0,1.2600536193029492,46.454,0.069976523009739,6,0.0,0.0,0.0,0.0,0.0,0.3333333333333333,2.0,0.0,0.0,1.0986122886681098,0.0,0.0,0.0,0.0,0.0,0.16666666666666666,1.0,0.0,0.0,0.6931471805599453,0.0,0.0
Gabes,2022,0.0,0.0,3528.0,3625.0,21.55835616438356,48.0,0.0,41.6,13.199452054794522,1017.3241095890412,0.0894654015287664,-0.0704321845305928,-0.0041194846220551,0.0,Low,Low,0.0,Low,Medium,0.0,0.0,1.0,2.0,0.13151403905125394,0.15427142644525885,strategic_annual_v2_robust_hybrid,global_log_robust_score_60pct_fire_count_40pct_burned_area,7153.0,0.49321962812805814,8.16876982367527,8.195885391314796,8.875426919818963,48.0,0.9302325581395349,47.168,0.0704321845305928,7,0.0,0.0,0.0,0.0,0.0,0.2857142857142857,2.0,0.0,0.0,1.0986122886681098,0.0,0.0,0.0,0.0,0.0,0.14285714285714285,1.0,0.0,0.0,0.6931471805599453,0.0,0.0
Gabes,2023,0.0,0.0,3528.0,3625.0,21.31068493150685,49.1,0.0,123.7,13.475616438356166,1016.5893150684932,0.0810327963619667,-0.0732977769976327,-0.009413974795342,0.0,Low,Low,0.0,Low,Medium,0.0,0.0,1.0,2.0,0.17221975065071607,0.1562714273199028,strategic_annual_v2_robust_hybrid,global_log_robust_score_60pct_fire_count_40pct_burned_area,7153.0,0.49321962812805814,8.16876982367527,8.195885391314796,8.875426919818963,49.1,0.3672400897531788,46.626000000000005,0.0732977769976327,8,0.0,0.0,0.0,0.0,0.0,0.25,2.0,0.0,0.0,1.0986122886681098,0.0,0.0,0.0,0.0,0.0,0.125,1.0,0.0,0.0,0.6931471805599453,0.0,0.0
Gabes,2024,0.0,0.0,3528.0,3625.0,21.82861035422344,47.0,,168.0,13.903814713896455,1016.51553133515,0.0922116467270185,-0.0718625008308613,-0.0051163558008816,0.0,Low,Low,0.0,Low,Medium,0.0,0.0,1.0,2.0,0.12016000145121031,0.15370072310859945,strategic_annual_v2_robust_hybrid,global_log_robust_score_60pct_fire_count_40pct_burned_area,7153.0,0.49321962812805814,8.16876982367527,8.195885391314796,8.875426919818963,,0.2640449438202247,43.64,0.0718625008308613,9,0.0,0.0,0.0,0.0,0.0,0.2222222222222222,2.0,0.0,0.0,1.0986122886681098,0.0,0.0,0.0,0.0,0.0,0.1111111111111111,1.0,0.0,0.0,0.6931471805599453,0.0,0.0
Gabes,2025,2.0,0.0,3528.0,3625.0,21.193424657534248,47.9,,181.5,13.347397260273974,1016.5890410958904,0.0967184463527816,-0.0661117097889653,0.0089611435498509,0.14727948385116402,Medium,Medium,0.14727948385116402,Medium,Medium,0.0,0.0,1.0,2.0,0.2083865884665552,0.1579909911138667,strategic_annual_v2_robust_hybrid,global_log_robust_score_60pct_fire_count_40pct_burned_area,7153.0,0.49321962812805814,8.16876982367527,8.195885391314796,8.875426919818963,,0.25013054830287207,44.269999999999996,0.0661117097889653,10,0.0,0.0,0.0,0.0,0.0,0.2,2.0,0.0,0.0,1.0986122886681098,0.0,0.0,0.0,0.0,0.0,0.1,1.0,0.0,0.0,0.6931471805599453,0.0,0.0
Gafsa,2015,8.0,4.0525,4063.0,8063.0,32.99649122807018,43.6,14.0,0.0,15.145454545454545,1019.06875,0.092031613881219,-0.069317410783302,0.0008058387504478,0.3862265170942185,Medium,Medium,0.3862265170942185,Medium,Medium,0.0,0.0,1.0,4.313322889349036,2.2848606398413147,0.29121127265190555,strategic_annual_v2_robust_hybrid,global_log_robust_score_60pct_fire_count_40pct_burned_area,12126.0,0.3350651492660399,8.309922989258318,8.99516499031115,9.403189650656792,29.6,4.36,43.6,0.069317410783302,0,,,,,,,,,,,,,,,,,,,,,,
Gafsa,2016,0.0,0.0,4063.0,8063.0,22.27674418604651,43.5,2.6,5.8,15.168421052631578,1016.8346153846154,0.0901455429964953,-0.0773824890622776,-0.0013287955210824,0.0,Low,Low,0.0,Low,Medium,0.0,0.0,1.0,8.0,0.9331363706802747,0.3318592453044209,strategic_annual_v2_robust_hybrid,global_log_robust_score_60pct_fire_count_40pct_burned_area,12126.0,0.3350651492660399,8.309922989258318,8.99516499031115,9.403189650656792,40.9,2.7531645569620253,43.384,0.0773824890622776,1,8.0,,,8.0,8.0,8.0,8.0,2.1972245773362196,2.1972245773362196,2.1972245773362196,4.0525,,,4.0525,4.0525,4.0525,4.0525,1.619883170295639,1.619883170295639,1.619883170295639,0.6597394029358403,0.33419924129968664
Gafsa,2017,0.0,0.0,4063.0,8063.0,22.654794520547945,46.1,-1.0,136.6,15.075526315789473,1015.903804347826,0.0940390311124614,-0.0658427212403714,0.0064645906501185,0.0,Low,Low,0.0,Low,Medium,0.0,0.0,1.0,8.0,0.2431758472895285,0.30687665157102845,strategic_annual_v2_robust_hybrid,global_log_robust_score_60pct_fire_count_40pct_burned_area,12126.0,0.3350651492660399,8.309922989258318,8.99516499031115,9.403189650656792,47.1,0.3144611186903138,43.368,0.0658427212403714,2,0.0,8.0,,4.0,8.0,4.0,8.0,0.0,1.6094379124341003,2.1972245773362196,0.0,4.0525,,2.02625,4.0525,2.02625,4.0525,0.0,1.1073242292701313,1.619883170295639,0.0,0.0
Gafsa,2018,0.0,0.0,4063.0,8063.0,20.34918478260869,46.5,0.0,167.6,15.6272030651341,1015.1868,0.0967319638989017,-0.0651863844246497,0.0058807126987166,0.0,Low,Low,0.0,Low,Medium,0.0,0.0,1.0,8.0,0.10233032092154451,0.3000722298004575,strategic_annual_v2_robust_hybrid,global_log_robust_score_60pct_fire_count_40pct_burned_area,12126.0,0.3350651492660399,8.309922989258318,8.99516499031115,9.403189650656792,46.5,0.26182432432432434,43.148,0.0651863844246497,3,0.0,0.0,8.0,2.6666666666666665,8.0,2.6666666666666665,8.0,0.0,1.2992829841302609,2.1972245773362196,0.0,0.0,4.0525,1.3508333333333333,4.0525,1.3508333333333333,4.0525,0.0,0.8547698752259046,1.619883170295639,0.0,0.0
Gafsa,2019,0.0,0.0,4063.0,8063.0,21.730123456790125,45.3,-0.3,127.6,15.080446927374302,1015.1342261904762,0.1067532423255143,-0.0595934094204533,0.0131751284377472,0.0,Low,Low,0.0,Low,Medium,0.0,0.0,1.0,8.0,0.05804434484470769,0.2977518455304835,strategic_annual_v2_robust_hybrid,global_log_robust_score_60pct_fire_count_40pct_burned_area,12126.0,0.3350651492660399,8.309922989258318,8.99516499031115,9.403189650656792,45.599999999999994,0.32921511627906974,42.748,0.0595934094204533,4,0.0,0.0,0.0,0.0,0.0,2.0,8.0,0.0,0.0,2.1972245773362196,0.0,0.0,0.0,0.0,0.0,1.013125,4.0525,0.0,0.0,1.619883170295639,0.0,0.0
Gafsa,2020,0.0,0.0,4063.0,8063.0,23.54430379746836,45.0,-1.2,122.7,15.14988864142539,1016.47899543379,0.0890543529982996,-0.0722511703806338,-0.0021729925771694,0.0,Low,Low,0.0,Low,Medium,0.0,0.0,1.0,8.0,0.11596077631153241,0.300767669083442,strategic_annual_v2_robust_hybrid,global_log_robust_score_60pct_fire_count_40pct_burned_area,12126.0,0.3350651492660399,8.309922989258318,8.99516499031115,9.403189650656792,46.2,0.33911077618688773,42.546,0.0722511703806338,5,0.0,0.0,0.0,0.0,0.0,1.6,8.0,0.0,0.0,2.1972245773362196,0.0,0.0,0.0,0.0,0.0,0.8105,4.0525,0.0,0.0,1.619883170295639,0.0,0.0
Gafsa,2021,0.0,0.0,4063.0,8063.0,25.254631379962195,46.1,-3.5,54.9,15.87466918714556,1015.6446124763704,0.0912654901365926,-0.0760615560935878,-0.006761059866235,0.0,Low,Low,0.0,Low,Medium,0.0,0.0,1.0,8.0,0.149237262215165,0.3024304094788222,strategic_annual_v2_robust_hybrid,global_log_robust_score_60pct_fire_count_40pct_burned_area,12126.0,0.3350651492660399,8.309922989258318,8.99516499031115,9.403189650656792,49.6,0.7103235747303543,45.002,0.0760615560935878,6,0.0,0.0,0.0,0.0,0.0,1.3333333333333333,8.0,0.0,0.0,2.1972245773362196,0.0,0.0,0.0,0.0,0.0,0.6754166666666667,4.0525,0.0,0.0,1.619883170295639,0.0,0.0
Gafsa,2022,0.0,0.0,4063.0,8063.0,21.48780487804878,46.5,-2.8,79.7,14.774525745257453,1017.7897018970192,0.0895129640927529,-0.070680253124283,-0.0042511400412251,0.0,Low,Low,0.0,Low,Medium,0.0,0.0,1.0,8.0,0.11175583994155541,0.3005540392393939,strategic_annual_v2_robust_hybrid,global_log_robust_score_60pct_fire_count_40pct_burned_area,12126.0,0.3350651492660399,8.309922989258318,8.99516499031115,9.403189650656792,49.3,0.5183946488294314,44.906,0.070680253124283,7,0.0,0.0,0.0,0.0,0.0,1.1428571428571428,8.0,0.0,0.0,2.1972245773362196,0.0,0.0,0.0,0.0,0.0,0.5789285714285715,4.0525,0.0,0.0,1.619883170295639,0.0,0.0
Gafsa,2023,0.0,0.0,4063.0,8063.0,21.121563342318066,46.5,-3.7,185.1,15.059029649595686,1017.0695417789756,0.0816143586873152,-0.073406670920007,-0.0092539525612329,0.0,Low,Low,0.0,Low,Medium,0.0,0.0,1.0,8.0,0.11767205818680973,0.30085437960011163,strategic_annual_v2_robust_hybrid,global_log_robust_score_60pct_fire_count_40pct_burned_area,12126.0,0.3350651492660399,8.309922989258318,8.99516499031115,9.403189650656792,50.2,0.23833931317273194,42.798,0.073406670920007,8,0.0,0.0,0.0,0.0,0.0,1.0,8.0,0.0,0.0,2.1972245773362196,0.0,0.0,0.0,0.0,0.0,0.5065625,4.0525,0.0,0.0,1.619883170295639,0.0,0.0
Gafsa,2024,1.0,0.01,4063.0,8063.0,21.602459016393443,45.2,0.6,103.7,15.073972602739726,1017.0605633802816,0.0924670595099471,-0.0720029218398629,-0.0051206127218246,0.09348608760624728,Low,Low,0.09348608760624728,Low,Medium,0.0,0.0,1.0,8.0,0.14506680641183878,0.30222468074666076,strategic_annual_v2_robust_hybrid,global_log_robust_score_60pct_fire_count_40pct_burned_area,12126.0,0.3350651492660399,8.309922989258318,8.99516499031115,9.403189650656792,44.6,0.3975373790677221,43.126000000000005,0.0720029218398629,9,0.0,0.0,0.0,0.0,0.0,0.8888888888888888,8.0,0.0,0.0,2.1972245773362196,0.0,0.0,0.0,0.0,0.0,0.4502777777777778,4.0525,0.0,0.0,1.619883170295639,0.0,0.0
Gafsa,2025,4.0,0.0,4063.0,8063.0,21.164109589041097,46.0,1.0,142.8,14.3413698630137,1016.9335195530726,0.0967184463527816,-0.0661117097889653,0.0089611435498509,0.21576054398695882,Medium,Medium,0.21576054398695882,Medium,Medium,0.0,0.0,1.0,8.0,0.46447464326617904,0.3161474727119454,strategic_annual_v2_robust_hybrid,global_log_robust_score_60pct_fire_count_40pct_burned_area,12126.0,0.3350651492660399,8.309922989258318,8.99516499031115,9.403189650656792,45.0,0.3010471204188481,43.144,0.0661117097889653,10,1.0,0.0,0.0,0.3333333333333333,1.0,0.9,8.0,0.6931471805599453,0.2876820724517809,2.1972245773362196,0.01,0.0,0.0,0.0033333333333333335,0.01,0.40625,4.0525,0.009950330853168083,0.0033277900926746693,1.619883170295639,0.08246742536698004,0.0008246742536698004
Jendouba,2015,51.0,317.7105,98714.0,14964.0,27.18947368421053,39.0,16.0,0.0,11.498245614035088,1016.2,0.092031613881219,-0.069317410783302,0.0008058387504478,0.8558969594690516,High,High,0.8558969594690516,High,High,0.5427518594627164,0.0,0.4572481405372836,52.065478897519,101.17080588655843,0.7942383367582224,strategic_annual_v2_robust_hybrid,global_log_robust_score_60pct_fire_count_40pct_burned_area,113678.0,0.8683650310526223,11.499992189558329,9.6134694202868,11.641133966110194,23.0,3.9,39.0,0.069317410783302,0,,,,,,,,,,,,,,,,,,,,,,
Jendouba,2016,139.0,125.292,98714.0,14964.0,23.5268156424581,39.0,3.5,0.0,13.083240223463688,1016.668047337278,0.0834364751817665,-0.0911431417485954,-0.0136636804345511,0.8738112901250138,High,High,0.8738112901250138,High,High,0.7841389802145893,0.0,0.21586101978541072,115.57874148728486,210.02351058017064,0.9028625410965652,strategic_annual_v2_robust_hybrid,global_log_robust_score_60pct_fire_count_40pct_burned_area,113678.0,0.8683650310526223,11.499992189558329,9.6134694202868,11.641133966110194,35.5,3.9,39.0,0.0911431417485954,1,51.0,,,51.0,51.0,51.0,51.0,3.9512437185814275,3.9512437185814275,3.9512437185814275,317.7105,,,317.7105,317.7105,317.7105,317.7105,5.764283167225097,5.764283167225097,5.764283167225097,0.4486356199088654,2.794828374883443
Jendouba,2017,97.0,1857.579,98714.0,14964.0,25.67250384024577,46.0,-2.8,397.5,9.148956661316213,1015.701160862355,0.0910879214376345,-0.0730620545380193,-0.0009843702485584,1.0,High,High,1.0,High,High,1.0,0.0,0.0,141.82076797492718,2106.2053534810593,1.0,strategic_annual_v2_robust_hybrid,global_log_robust_score_60pct_fire_count_40pct_burned_area,113678.0,0.8683650310526223,11.499992189558329,9.6134694202868,11.641133966110194,48.8,0.11288343558282209,38.05,0.0730620545380193,2,139.0,51.0,,95.0,139.0,95.0,139.0,4.941642422609304,4.564348191467836,4.941642422609304,125.292,317.7105,,221.50125000000003,317.7105,221.50125000000003,317.7105,4.838596686099314,5.404932719568042,5.764283167225097,1.2227519836731822,1.1021657664631679
Jendouba,2018,10.0,29.139,98714.0,14964.0,18.75202156334232,45.2,0.0,571.7,11.251091703056767,1015.748829953198,0.0957347320758257,-0.066458285719173,0.0041445607222049,0.5141927016738937,Medium,Medium,0.5141927016738937,Medium,High,0.6974060333988881,0.0,0.30259396660111193,139.0,104.8753507323778,0.8638327150294997,strategic_annual_v2_robust_hybrid,global_log_robust_score_60pct_fire_count_40pct_burned_area,113678.0,0.8683650310526223,11.499992189558329,9.6134694202868,11.641133966110194,45.2,0.07770328347945676,33.766000000000005,0.066458285719173,3,97.0,139.0,51.0,95.66666666666667,139.0,95.66666666666667,139.0,4.584967478670572,4.5712686343124105,4.941642422609304,1857.579,125.292,317.7105,766.8605000000001,1857.579,766.8605000000001,1857.579,7.527567496232333,6.643608076024016,7.527567496232333,0.85328735551294,16.34070796460177
Jendouba,2019,23.0,74.737,98714.0,14964.0,19.80534441805225,46.1,-1.1,475.2,11.556057007125892,1015.6724465558194,0.0983469815069486,-0.0651539593227124,0.0075501851795401,0.6709241592183972,High,High,0.6709241592183972,High,High,0.68098190475141,0.0,0.31901809524859004,139.0,91.91234550372437,0.8564418571381345,strategic_annual_v2_robust_hybrid,global_log_robust_score_60pct_fire_count_40pct_burned_area,113678.0,0.8683650310526223,11.499992189558329,9.6134694202868,11.641133966110194,47.2,0.0950123660346249,36.596000000000004,0.0651539593227124,4,10.0,97.0,139.0,82.0,139.0,74.25,139.0,2.3978952727983707,4.418840607796598,4.941642422609304,29.139,1857.579,125.292,670.67,1857.579,582.430125,1857.579,3.405820014147599,6.509767148479515,7.527567496232333,0.08796776860958146,0.2563292809514594
Jendouba,2020,148.0,342.481,98714.0,14964.0,21.680371900826444,45.0,-0.2,370.9,10.97448347107438,1016.2826446280992,0.0894426767096084,-0.0715302430977852,-0.0020198844994318,0.9304305595852679,High,High,0.9304305595852679,High,High,0.8262631991718496,0.0,0.17373680082815035,139.0,293.9909245532028,0.9218184396273323,strategic_annual_v2_robust_hybrid,global_log_robust_score_60pct_fire_count_40pct_burned_area,113678.0,0.8683650310526223,11.499992189558329,9.6134694202868,11.641133966110194,45.2,0.1181412444211079,37.582,0.0715302430977852,5,23.0,10.0,97.0,43.333333333333336,97.0,64.0,139.0,3.1780538303479458,3.791736839553644,4.941642422609304,74.737,29.139,1857.579,653.8183333333333,1857.579,480.8915,1857.579,4.327266812499852,6.484357843476037,7.527567496232333,0.20232586780203735,0.6574447122574288
Jendouba,2021,144.0,4057.919,98714.0,14964.0,23.582965009208102,49.0,-2.1,355.7,10.623756906077348,1015.5019337016575,0.084770523425252,-0.0787341502745155,-0.0091475848163443,1.0,High,High,1.0,High,High,1.0,0.0,0.0,148.49601407604382,2385.0226957196023,1.0,strategic_annual_v2_robust_hybrid,global_log_robust_score_60pct_fire_count_40pct_burned_area,113678.0,0.8683650310526223,11.499992189558329,9.6134694202868,11.641133966110194,51.1,0.13398960896910037,41.886,0.0787341502745155,6,148.0,23.0,10.0,60.333333333333336,148.0,78.0,148.0,5.003946305945459,4.116323468940876,5.003946305945459,342.481,74.737,29.139,148.78566666666666,342.481,457.8230833333334,1857.579,5.83913179717771,5.00920538337213,7.527567496232333,1.3019229754218054,3.012728936117806
Jendouba,2022,180.0,1139.2298,98714.0,14964.0,21.673536299765807,47.3,-0.5,444.1,9.763583138173304,1016.4764637002344,0.0885022323721556,-0.0742238191221464,-0.007933476964065,0.9983290438206416,High,High,0.9983290438206416,High,High,0.9445886885707393,0.0,0.0554113114292607,148.0,754.8765085579018,0.9750649098568327,strategic_annual_v2_robust_hybrid,global_log_robust_score_60pct_fire_count_40pct_burned_area,113678.0,0.8683650310526223,11.499992189558329,9.6134694202868,11.641133966110194,47.8,0.1041620788372605,38.41799999999999,0.0742238191221464,7,144.0,148.0,23.0,105.0,148.0,87.42857142857143,148.0,4.976733742420574,4.663439094112067,5.003946305945459,4057.919,342.481,74.737,1491.7123333333332,4057.919,972.1225000000001,4057.919,8.308671960985679,7.308350102037789,8.308671960985679,1.2667358679779728,35.696607962842414
Jendouba,2023,100.0,1484.68,98714.0,14964.0,21.4832134292566,47.4,,721.4,9.823261390887293,1016.1761390887292,0.0787591801315065,-0.0736910291235853,-0.010082793355252,1.0,High,High,1.0,High,High,0.936188675067523,0.0,0.06381132493247699,180.0,706.0352044396338,0.9712849037803853,strategic_annual_v2_robust_hybrid,global_log_robust_score_60pct_fire_count_40pct_burned_area,113678.0,0.8683650310526223,11.499992189558329,9.6134694202868,11.641133966110194,,0.06480721903199343,32.972,0.0736910291235853,8,180.0,144.0,148.0,157.33333333333334,180.0,99.0,180.0,5.198497031265826,5.064702515366531,5.198497031265826,1139.2298,4057.919,342.481,1846.5432666666666,4057.919,993.0109125,4057.919,7.038985100021604,7.521612071582867,8.308671960985679,1.5834198349724662,10.021550343953976
Jendouba,2024,69.0,59.0,98714.0,14964.0,20.423273657289,45.4,1.0,319.2,8.743222506393861,1016.5790281329924,0.0914616161596195,-0.0731638357434291,-0.0059631625375637,0.8012462331593615,High,High,0.8012462331593615,High,High,0.733370251392005,0.0,0.26662974860799504,180.0,139.92850463638055,0.8800166131264022,strategic_annual_v2_robust_hybrid,global_log_robust_score_60pct_fire_count_40pct_burned_area,113678.0,0.8683650310526223,11.499992189558329,9.6134694202868,11.641133966110194,44.4,0.137910085054678,39.016,0.0731638357434291,9,100.0,180.0,144.0,141.33333333333334,180.0,99.11111111111111,180.0,4.61512051684126,4.958171724560515,5.198497031265826,1484.68,1139.2298,4057.919,2227.2762666666667,4057.919,1047.6408111111111,4057.919,7.303627858884798,7.708983590966331,8.308671960985679,0.8796776860958145,13.060398669927338
Jendouba,2025,199.0,317.54,98714.0,14964.0,19.395616438356164,45.3,1.5,439.9,8.340821917808219,1016.5808219178082,0.0967184463527816,-0.0661117097889653,0.0089611435498509,0.9261646699454249,High,High,0.9261646699454249,High,High,0.8186418671248841,0.0,0.18135813287511593,180.0,276.6438482844211,0.9183888402061978,strategic_annual_v2_robust_hybrid,global_log_robust_score_60pct_fire_count_40pct_burned_area,113678.0,0.8683650310526223,11.499992189558329,9.6134694202868,11.641133966110194,43.8,0.1006890420093354,36.501999999999995,0.0661117097889653,10,69.0,100.0,180.0,116.33333333333333,180.0,96.1,180.0,4.248495242049359,4.765018886929988,5.198497031265826,59.0,1484.68,1139.2298,894.3032666666668,1484.68,948.7767299999999,4057.919,4.0943445622221,6.7971625063173216,8.308671960985679,0.6069776034061121,0.5190098347965306
Kairouan,2015,22.0,34.714,36879.0,34773.0,29.48888888888889,45.2,9.0,3.3,2.465217391304348,1027.35,0.092031613881219,-0.069317410783302,0.0008058387504478,0.6226793329484492,High,High,0.6226793329484492,High,High,0.2232191186822726,0.0,0.7767808813177274,25.227258692102417,41.74272992405518,0.6504486034070227,strategic_annual_v2_robust_hybrid,global_log_robust_score_60pct_fire_count_40pct_burned_area,71652.0,0.5146960308156088,10.51542467767053,10.456625260087735,11.179590302582158,36.2,3.398496240601504,45.134,0.069317410783302,0,,,,,,,,,,,,,,,,,,,,,,
Kairouan,2016,27.0,58.28,36879.0,34773.0,24.198245614035088,43.0,6.3,7.5,2.76140350877193,1016.4907407407408,0.0879141178786147,-0.0846342302974722,-0.0082116464758534,0.6777255224693592,High,High,0.6777255224693592,High,High,0.3450858024325728,0.0,0.6549141975674272,28.032603751420073,87.54879173039262,0.7052886110946578,strategic_annual_v2_robust_hybrid,global_log_robust_score_60pct_fire_count_40pct_burned_area,71652.0,0.5146960308156088,10.51542467767053,10.456625260087735,11.179590302582158,36.7,2.4571428571428573,42.85,0.0846342302974722,1,22.0,,,22.0,22.0,22.0,22.0,3.1354942159291497,3.1354942159291497,3.1354942159291497,34.714,,,34.714,34.714,34.714,34.714,3.575542768774933,3.575542768774933,3.575542768774933,0.30703958019315586,0.4844805448556914
Kairouan,2017,50.0,230.258,36879.0,34773.0,22.73028846153846,47.7,2.8,124.3,3.901745635910224,1016.808163265306,0.0933731145518495,-0.0669132642829673,0.0061034217563699,0.8351429068835621,High,High,0.8351429068835621,High,High,0.5200717302788969,0.0,0.47992826972110314,35.313331793726924,208.5482281121631,0.7840322786255036,strategic_annual_v2_robust_hybrid,global_log_robust_score_60pct_fire_count_40pct_burned_area,71652.0,0.5146960308156088,10.51542467767053,10.456625260087735,11.179590302582158,44.900000000000006,0.35517498138495907,45.214000000000006,0.0669132642829673,2,27.0,22.0,,24.5,27.0,24.5,27.0,3.332204510175204,3.2386784521643803,3.332204510175204,58.28,34.714,,46.497,58.28,46.497,58.28,4.082271980987832,3.860666551151315,4.082271980987832,0.3768213029643276,0.8133757606207782
Kairouan,2018,2.0,8.0,36879.0,34773.0,21.35844504021448,48.3,4.4,369.6,6.675931232091691,1016.5728096676736,0.0959039001687728,-0.0663463865843227,0.0043743479416053,0.2716181992359804,Medium,Medium,0.2716181992359804,Medium,High,0.4870711902297075,0.0,0.5129288097702924,50.0,71.09039182631422,0.7691820356033684,strategic_annual_v2_robust_hybrid,global_log_robust_score_60pct_fire_count_40pct_burned_area,71652.0,0.5146960308156088,10.51542467767053,10.456625260087735,11.179590302582158,43.9,0.12723919915700735,40.907999999999994,0.0663463865843227,3,50.0,27.0,22.0,33.0,50.0,33.0,50.0,3.9318256327243257,3.5263605246161616,3.9318256327243257,230.258,58.28,34.714,107.75066666666667,230.258,107.75066666666667,230.258,5.44353397038875,4.689057800218203,5.44353397038875,0.6978172277117177,3.213559984368894
Kairouan,2019,12.0,54.56,36879.0,34773.0,21.330727762803235,47.1,4.0,323.5,6.967924528301887,1015.6140161725068,0.0998440982289535,-0.0611242984506595,0.0106915699935473,0.5712001862747685,High,High,0.5712001862747685,High,High,0.4353382436624719,0.0,0.564661756337528,50.0,46.776619611649224,0.7459022096481124,strategic_annual_v2_robust_hybrid,global_log_robust_score_60pct_fire_count_40pct_burned_area,71652.0,0.5146960308156088,10.51542467767053,10.456625260087735,11.179590302582158,43.1,0.14122938530734633,40.63,0.0611242984506595,4,2.0,50.0,27.0,26.333333333333332,50.0,25.25,50.0,1.0986122886681098,3.3081069585961433,3.9318256327243257,8.0,230.258,58.28,98.846,230.258,82.813,230.258,2.1972245773362196,4.6036289989692625,5.44353397038875,0.02791268910846871,0.11165075643387484
Kairouan,2020,17.0,53.712,36879.0,34773.0,21.29892761394101,46.0,-3.6,452.8,6.2691689008042895,1017.0828418230564,0.0897816820035692,-0.0679746528746105,0.0015501495830085,0.6139558068902544,High,High,0.6139558068902544,High,High,0.4701116169589514,0.0,0.5298883830410486,50.0,61.995099537178454,0.7615502276315281,strategic_annual_v2_robust_hybrid,global_log_robust_score_60pct_fire_count_40pct_burned_area,71652.0,0.5146960308156088,10.51542467767053,10.456625260087735,11.179590302582158,49.6,0.09939498703543648,36.944,0.0679746528746105,5,12.0,2.0,50.0,21.333333333333332,50.0,22.6,50.0,2.5649493574615367,3.106080330722856,3.9318256327243257,54.56,8.0,230.258,97.606,230.258,77.1624,230.258,4.017463517886143,4.591132111684164,5.44353397038875,0.16747613465081226,0.7614581588790265
Kairouan,2021,27.0,1833.18,36879.0,34773.0,25.20558882235529,50.3,-4.7,75.2,6.429940119760479,1015.8630738522954,0.0905192926526844,-0.0746935526907049,-0.0048822240377054,0.8467138820557876,High,High,0.8467138820557876,High,High,0.7953500088501849,0.0,0.20464999114981508,50.0,835.6264953640765,0.9079075039825832,strategic_annual_v2_robust_hybrid,global_log_robust_score_60pct_fire_count_40pct_burned_area,71652.0,0.5146960308156088,10.51542467767053,10.456625260087735,11.179590302582158,55.0,0.59037558685446,48.796,0.0746935526907049,6,17.0,12.0,2.0,10.333333333333334,17.0,21.666666666666668,50.0,2.8903717578961645,2.4277482359480516,3.9318256327243257,53.712,54.56,8.0,38.757333333333335,54.56,73.254,230.258,4.002083063795795,3.6827943104579886,5.44353397038875,0.23725785742198402,0.7496231786970358
Kairouan,2022,19.0,382.774,36879.0,34773.0,23.40445544554456,48.0,2.9,222.4,6.050742574257426,1016.6371287128712,0.0913547866387106,-0.0714221939326607,-0.0043436193194611,0.7383140865021462,High,High,0.7383140865021462,High,High,0.6446517563060726,0.0,0.35534824369392737,50.0,251.39961249178305,0.8400932903377327,strategic_annual_v2_robust_hybrid,global_log_robust_score_60pct_fire_count_40pct_burned_area,71652.0,0.5146960308156088,10.51542467767053,10.456625260087735,11.179590302582158,45.1,0.20654044750430292,43.552,0.0714221939326607,7,27.0,17.0,12.0,18.666666666666668,27.0,22.428571428571427,50.0,3.332204510175204,2.9789251552376097,3.9318256327243257,1833.18,53.712,54.56,647.1506666666667,1833.18,324.672,1833.18,7.514352794129074,6.474123179614013,7.514352794129074,0.3768213029643276,25.58449170993134
Kairouan,2023,22.0,475.12,36879.0,34773.0,22.3505376344086,49.0,2.0,353.0,6.751881720430107,1016.3997311827956,0.0819683107850688,-0.0732904107427646,-0.009085787486084,0.769252007584819,High,High,0.769252007584819,High,High,0.6187600189000731,0.0,0.38123998109992685,50.0,204.43311396899347,0.8284420085050329,strategic_annual_v2_robust_hybrid,global_log_robust_score_60pct_fire_count_40pct_burned_area,71652.0,0.5146960308156088,10.51542467767053,10.456625260087735,11.179590302582158,47.0,0.1349862258953168,41.94,0.0732904107427646,8,19.0,27.0,17.0,21.0,27.0,22.0,50.0,2.995732273553991,3.091042453358316,3.9318256327243257,382.774,1833.18,53.712,756.5553333333334,1833.18,331.93475,1833.18,5.950053837662431,6.63009658202043,7.514352794129074,0.26517054653045274,5.342125830402501
Kairouan,2024,15.0,17.0,36879.0,34773.0,21.9716621253406,47.0,-1.3,268.7,6.290735694822888,1016.791553133515,0.0926692248773763,-0.0718498745244841,-0.0048019923883897,0.5352552467227687,Medium,High,0.5352552467227687,Medium,High,0.4412064188434473,0.0,0.5587935811565528,50.0,49.05891302129119,0.7485428884795513,strategic_annual_v2_robust_hybrid,global_log_robust_score_60pct_fire_count_40pct_burned_area,71652.0,0.5146960308156088,10.51542467767053,10.456625260087735,11.179590302582158,48.3,0.1686401148188016,41.626,0.0718498745244841,9,22.0,19.0,27.0,22.666666666666668,27.0,22.0,50.0,3.1354942159291497,3.164067588373206,3.9318256327243257,475.12,382.774,1833.18,897.0246666666667,1833.18,347.84422222222224,1833.18,6.165669923299679,6.800197536373353,7.514352794129074,0.30703958019315586,6.630938424607827
Kairouan,2025,29.0,36.17,36879.0,34773.0,21.713424657534247,47.7,0.8,259.8,6.023835616438356,1016.6457534246576,0.0967184463527816,-0.0661117097889653,0.0089611435498509,0.6605606349325064,High,High,0.6605606349325064,High,High,0.49515759085315003,0.0,0.50484240914685,50.0,75.8783617625214,0.7728209158839175,strategic_annual_v2_robust_hybrid,global_log_robust_score_60pct_fire_count_40pct_burned_area,71652.0,0.5146960308156088,10.51542467767053,10.456625260087735,11.179590302582158,46.900000000000006,0.17679762787249814,42.504000000000005,0.0661117097889653,10,15.0,22.0,19.0,18.666666666666668,22.0,21.3,50.0,2.772588722239781,2.9789251552376097,3.9318256327243257,17.0,475.12,382.774,291.6313333333333,475.12,314.7598,1833.18,2.8903717578961645,5.678913568749298,7.514352794129074,0.20934516831351532,0.23725785742198402
Kasserine,2015,13.0,22.0825,132326.0,26717.0,26.910591801085896,40.74,14.3,2.055555555555556,13.165516360070134,1019.06875,0.092031613881219,-0.069317410783302,0.0008058387504478,0.531427937432891,Medium,High,0.531427937432891,Medium,High,0.23423834102057423,0.0,0.7657616589794258,24.68466174430305,48.02593954176233,0.6554072534592584,strategic_annual_v2_robust_hybrid,global_log_robust_score_60pct_fire_count_40pct_burned_area,159043.0,0.8320139836396446,11.793031410913876,10.193092774549758,11.976936172479554,26.44,3.3793548387096775,40.69888888888889,0.069317410783302,0,,,,,,,,,,,,,,,,,,,,,,
Kasserine,2016,17.0,8.688,132326.0,26717.0,22.00346496085974,40.23333333333333,4.311111111111111,5.672727272727273,13.619223517905713,1016.8962394965932,0.0893327709117126,-0.079292706691506,-0.003075862418195,0.5159892304392252,Medium,Medium,0.5159892304392252,Medium,High,0.1794723678598012,0.0,0.8205276321401989,20.454791088709246,47.57646694304262,0.6307625655369106,strategic_annual_v2_robust_hybrid,global_log_robust_score_60pct_fire_count_40pct_burned_area,159043.0,0.8320139836396446,11.793031410913876,10.193092774549758,11.976936172479554,35.92222222222222,2.567092034029389,40.11987878787878,0.079292706691506,1,13.0,,,13.0,13.0,13.0,13.0,2.6390573296152584,2.6390573296152584,2.6390573296152584,22.0825,,,22.0825,22.0825,22.0825,22.0825,3.139074754664646,3.139074754664646,3.139074754664646,0.08173890080041246,0.13884609822500832
Kasserine,2017,16.0,1017.521,132326.0,26717.0,21.272126366616064,44.44444444444444,0.3555555555555555,88.8,13.01565390444876,1016.840465441503,0.0944268191107382,-0.0640609529810337,0.0081922118807939,0.7717607222504133,High,High,0.7717607222504133,High,High,0.4074578510781255,0.0,0.5925421489218745,19.562216136046615,328.232069846669,0.7333560329851565,strategic_annual_v2_robust_hybrid,global_log_robust_score_60pct_fire_count_40pct_burned_area,159043.0,0.8320139836396446,11.793031410913876,10.193092774549758,11.976936172479554,44.08888888888889,0.44984255510571297,42.66844444444444,0.0640609529810337,2,17.0,13.0,,15.0,17.0,15.0,17.0,2.8903717578961645,2.772588722239781,2.8903717578961645,8.688,22.0825,,15.38525,22.0825,15.38525,22.0825,2.2708880062507912,2.7963815398921748,3.139074754664646,0.106889331815924,0.054626736165691046
Kasserine,2018,11.0,1.995,132326.0,26717.0,20.45376754505939,45.14545454545455,1.8272727272727276,145.47272727272727,13.72608376889212,1015.0103880944704,0.0955617574094754,-0.0658221039135673,0.0047613527309758,0.39520046478490045,Medium,Medium,0.39520046478490045,Medium,High,0.14288911764726933,0.0,0.8571108823527307,18.429092844959115,44.93262798571899,0.6143001029412712,strategic_annual_v2_robust_hybrid,global_log_robust_score_60pct_fire_count_40pct_burned_area,159043.0,0.8320139836396446,11.793031410913876,10.193092774549758,11.976936172479554,43.31818181818182,0.29037539469067947,42.236000000000004,0.0658221039135673,3,16.0,17.0,13.0,15.333333333333334,17.0,15.333333333333334,17.0,2.833213344056216,2.793208009442517,2.8903717578961645,1017.521,8.688,22.0825,349.4305,1017.521,349.4305,1017.521,6.926106854011002,5.859162398653177,6.926106854011002,0.10060172406204611,6.397772929333577
Kasserine,2019,13.0,1179.536,132326.0,26717.0,20.614126650036905,44.88181818181818,-1.9909090909090907,135.0,14.138777271102883,1015.6160992473164,0.1002167567313819,-0.0613751843207113,0.0105994909584519,0.7537908736034412,High,High,0.7537908736034412,High,High,0.3374433467100064,0.0,0.6625566532899936,17.0,257.5987052662415,0.7018495060195029,strategic_annual_v2_robust_hybrid,global_log_robust_score_60pct_fire_count_40pct_burned_area,159043.0,0.8320139836396446,11.793031410913876,10.193092774549758,11.976936172479554,46.872727272727275,0.30952978056426333,42.18181818181818,0.0613751843207113,4,11.0,16.0,17.0,14.666666666666666,17.0,14.25,17.0,2.4849066497880004,2.751535313041949,2.8903717578961645,1.995,1017.521,8.688,342.73466666666667,1017.521,262.571625,1017.521,1.0969442315674127,5.839870041925295,6.926106854011002,0.06916368529265671,0.012543777468986375
Kasserine,2020,25.0,22.026,132326.0,26717.0,21.32628943746091,44.554545454545455,1.1909090909090911,142.9090909090909,13.39006922932628,1016.870473618858,0.089773676161205,-0.0687745252228453,0.0008038702147865,0.6142773784548474,High,High,0.6142773784548474,High,High,0.2096125239446667,0.0,0.7903874760553333,23.584733783580614,43.71059452807414,0.6443256357751,strategic_annual_v2_robust_hybrid,global_log_robust_score_60pct_fire_count_40pct_burned_area,159043.0,0.8320139836396446,11.793031410913876,10.193092774549758,11.976936172479554,43.36363636363637,0.2913793103448276,41.696363636363635,0.0687745252228453,5,13.0,11.0,16.0,13.333333333333334,16.0,14.0,17.0,2.6390573296152584,2.662587827025453,2.8903717578961645,1179.536,1.995,1017.521,733.0173333333333,1179.536,445.96450000000004,1179.536,7.07372385161332,6.598532643231238,7.07372385161332,0.08173890080041246,7.416459699578103
Kasserine,2021,27.0,14122.48,132326.0,26717.0,22.090646902066204,47.654545454545456,0.1,152.75454545454545,13.769729967386246,1016.1590162087292,0.0905608688829926,-0.0713604012728932,-0.0033992255451026,0.8467138820557876,High,High,0.8467138820557876,High,High,0.6372866659079317,0.0,0.3627133340920683,25.0,2943.422375740575,0.8367789996585693,strategic_annual_v2_robust_hybrid,global_log_robust_score_60pct_fire_count_40pct_burned_area,159043.0,0.8320139836396446,11.793031410913876,10.193092774549758,11.976936172479554,47.554545454545455,0.29280008937049656,44.59945454545455,0.0713604012728932,6,25.0,13.0,11.0,16.333333333333332,25.0,15.833333333333334,25.0,3.258096538021482,2.8526314299133175,3.258096538021482,22.026,1179.536,1.995,401.18566666666675,1179.536,375.30808333333334,1179.536,3.1366240122514726,5.996913839375498,7.07372385161332,0.15719019384694705,0.13849084838691422
Kasserine,2022,10.0,2.5005,132326.0,26717.0,21.252064231033952,44.22727272727273,1.4909090909090907,161.3909090909091,12.909214717074237,1017.148307525276,0.0906242107034538,-0.0700198996998018,-0.0035175941905388,0.3923614657762081,Medium,Medium,0.3923614657762081,Medium,High,0.04162901620160161,0.0,0.9583709837983984,27.0,7.638555037954226,0.5687330572907208,strategic_annual_v2_robust_hybrid,global_log_robust_score_60pct_fire_count_40pct_burned_area,159043.0,0.8320139836396446,11.793031410913876,10.193092774549758,11.976936172479554,42.736363636363635,0.25804911685142945,40.99945454545455,0.0700198996998018,7,27.0,25.0,13.0,21.666666666666668,27.0,17.428571428571427,27.0,3.332204510175204,3.120895416507997,3.332204510175204,14122.48,22.026,1179.536,5108.014,14122.48,2339.189785714286,14122.48,9.555593939604735,8.538761709589325,9.555593939604735,0.16976540935470283,88.7966147519853
Kasserine,2023,5.0,9.17,132326.0,26717.0,21.327951415829908,48.02,-4.0600000000000005,279.8818181818182,13.476098520463276,1016.4133592864316,0.0809997969514266,-0.0735073927198614,-0.0094693649058173,0.37145737984799265,Medium,Medium,0.37145737984799265,Medium,High,0.04295733827655913,0.0,0.9570426617234409,27.0,7.7302870265644135,0.5693308022244516,strategic_annual_v2_robust_hybrid,global_log_robust_score_60pct_fire_count_40pct_burned_area,159043.0,0.8320139836396446,11.793031410913876,10.193092774549758,11.976936172479554,52.080000000000005,0.16565371467996365,42.42236363636364,0.0735073927198614,8,10.0,27.0,25.0,20.666666666666668,27.0,16.5,27.0,2.3978952727983707,3.0757749812275277,3.332204510175204,2.5005,14122.48,22.026,4715.668833333333,14122.48,2047.103625,14122.48,1.2529058154351154,8.458858073767127,9.555593939604735,0.06287607753877883,0.015722163188571645
Kasserine,2024,19.0,7.0,132326.0,26717.0,21.380369550463985,44.08,-2.0699999999999994,204.7636363636364,13.516285262934412,1016.5428084522988,0.0920861443895239,-0.0728686836881644,-0.0058181283102766,0.5192800534773522,Medium,Medium,0.5192800534773522,Medium,High,0.03292532541927419,0.0,0.9670746745807258,27.0,7.06088141386315,0.5648163964386734,strategic_annual_v2_robust_hybrid,global_log_robust_score_60pct_fire_count_40pct_burned_area,159043.0,0.8320139836396446,11.793031410913876,10.193092774549758,11.976936172479554,46.15,0.2052488994243142,39.98472727272727,0.0728686836881644,9,5.0,10.0,27.0,14.0,27.0,15.222222222222221,27.0,1.791759469228055,2.70805020110221,3.332204510175204,9.17,2.5005,14122.48,4711.3835,14122.48,1820.6665555555555,14122.48,2.3194422100604686,8.457949109965273,9.555593939604735,0.031438038769389415,0.05765736310306018
Kasserine,2025,87.0,236.45,132326.0,26717.0,20.89816438356164,45.52,-1.9800000000000004,290.94545454545454,12.69,1016.4559146705442,0.0967333375602803,-0.0660922573226358,0.0089816370894008,0.9095393356374737,High,High,0.9095393356374737,High,High,0.7985671391329852,0.0,0.20143286086701484,97.4085980850005,235.67866681672962,0.9093552126098433,strategic_annual_v2_robust_hybrid,global_log_robust_score_60pct_fire_count_40pct_burned_area,159043.0,0.8320139836396446,11.793031410913876,10.193092774549758,11.976936172479554,47.5,0.1512566457225713,39.701090909090915,0.0660922573226358,10,19.0,5.0,10.0,11.333333333333334,19.0,15.6,27.0,2.995732273553991,2.512305623976115,3.332204510175204,7.0,9.17,2.5005,6.2235000000000005,9.17,1639.2999,14122.48,2.0794415416798357,1.9773395999872991,9.555593939604735,0.11946454732367977,0.044013254277145177
Kebili,2015,1.0,0.5,30441.18181818182,15278.772727272728,26.910591801085896,40.74,14.3,2.055555555555556,13.165516360070134,1019.06875,0.092031613881219,-0.069317410783302,0.0008058387504478,0.11586786861618764,Medium,Medium,0.11586786861618764,Medium,Medium,0.0,0.0,1.0,3.113683511552314,1.4663498579584084,0.2406880704363098,strategic_annual_v2_robust_hybrid,global_log_robust_score_60pct_fire_count_40pct_burned_area,45719.954545454544,0.6658182870220781,10.323584485431388,9.634285188740309,10.730311995762863,26.44,3.3793548387096775,40.69888888888889,0.069317410783302,0,,,,,,,,,,,,,,,,,,,,,,
Kebili,2016,0.0,0.0,30441.18181818182,15278.772727272728,22.00346496085974,40.23333333333333,4.311111111111111,5.672727272727273,13.619223517905713,1016.8962394965932,0.0893327709117126,-0.079292706691506,-0.003075862418195,0.0,Low,Low,0.0,Low,Medium,0.0,0.0,1.0,1.0,0.3991329366559431,0.1119285736652531,strategic_annual_v2_robust_hybrid,global_log_robust_score_60pct_fire_count_40pct_burned_area,45719.954545454544,0.6658182870220781,10.323584485431388,9.634285188740309,10.730311995762863,35.92222222222222,2.567092034029389,40.11987878787878,0.079292706691506,1,1.0,,,1.0,1.0,1.0,1.0,0.6931471805599453,0.6931471805599453,0.6931471805599453,0.5,,,0.5,0.5,0.5,0.5,0.4054651081081644,0.4054651081081644,0.4054651081081644,0.021872287712049344,0.010936143856024672
Kebili,2017,0.0,0.0,30441.18181818182,15278.772727272728,21.272126366616064,44.44444444444444,0.3555555555555555,88.8,13.01565390444876,1016.840465441503,0.0944268191107382,-0.0640609529810337,0.0081922118807939,0.0,Low,Low,0.0,Low,Medium,0.0,0.0,1.0,1.0,0.14583612847252303,0.1006267284832558,strategic_annual_v2_robust_hybrid,global_log_robust_score_60pct_fire_count_40pct_burned_area,45719.954545454544,0.6658182870220781,10.323584485431388,9.634285188740309,10.730311995762863,44.08888888888889,0.44984255510571297,42.66844444444444,0.0640609529810337,2,0.0,1.0,,0.5,1.0,0.5,1.0,0.0,0.4054651081081644,0.6931471805599453,0.0,0.5,,0.25,0.5,0.25,0.5,0.0,0.22314355131420976,0.4054651081081644,0.0,0.0
Kebili,2018,0.0,0.0,30441.18181818182,15278.772727272728,20.45376754505939,45.14545454545455,1.8272727272727276,145.47272727272727,13.72608376889212,1015.0103880944704,0.0955617574094754,-0.0658221039135673,0.0047613527309758,0.0,Low,Low,0.0,Low,Low,0.0,0.007865270979773298,0.9921347290202267,1.0,0.11757434690085923,0.09921347290202268,strategic_annual_v2_robust_hybrid,global_log_robust_score_60pct_fire_count_40pct_burned_area,45719.954545454544,0.6658182870220781,10.323584485431388,9.634285188740309,10.730311995762863,43.31818181818182,0.29037539469067947,42.236000000000004,0.0658221039135673,3,0.0,0.0,1.0,0.3333333333333333,1.0,0.3333333333333333,1.0,0.0,0.2876820724517809,0.6931471805599453,0.0,0.0,0.5,0.16666666666666666,0.5,0.16666666666666666,0.5,0.0,0.1541506798272583,0.4054651081081644,0.0,0.0
Kebili,2019,0.0,0.0,30441.18181818182,15278.772727272728,20.614126650036905,44.88181818181818,-1.9909090909090907,135.0,14.138777271102883,1015.6160992473164,0.1002167567313819,-0.0613751843207113,0.0105994909584519,0.0,Low,Low,0.0,Low,Low,0.0,0.011045055923987884,0.9889549440760121,1.0,0.11131220871281428,0.09889549440760122,strategic_annual_v2_robust_hybrid,global_log_robust_score_60pct_fire_count_40pct_burned_area,45719.954545454544,0.6658182870220781,10.323584485431388,9.634285188740309,10.730311995762863,46.872727272727275,0.30952978056426333,42.18181818181818,0.0613751843207113,4,0.0,0.0,0.0,0.0,0.0,0.25,1.0,0.0,0.0,0.6931471805599453,0.0,0.0,0.0,0.0,0.0,0.125,0.5,0.0,0.0,0.4054651081081644,0.0,0.0
Kebili,2020,0.0,0.0,30441.18181818182,15278.772727272728,21.32628943746091,44.554545454545455,1.1909090909090911,142.9090909090909,13.39006922932628,1016.870473618858,0.089773676161205,-0.0687745252228453,0.0008038702147865,0.0,Low,Low,0.0,Low,Medium,0.0,0.0,1.0,1.0,0.178864186033208,0.1022348068354381,strategic_annual_v2_robust_hybrid,global_log_robust_score_60pct_fire_count_40pct_burned_area,45719.954545454544,0.6658182870220781,10.323584485431388,9.634285188740309,10.730311995762863,43.36363636363637,0.2913793103448276,41.696363636363635,0.0687745252228453,5,0.0,0.0,0.0,0.0,0.0,0.2,1.0,0.0,0.0,0.6931471805599453,0.0,0.0,0.0,0.0,0.0,0.1,0.5,0.0,0.0,0.4054651081081644,0.0,0.0
Kebili,2021,0.0,0.0,30441.18181818182,15278.772727272728,22.090646902066204,47.654545454545456,0.1,152.75454545454545,13.769729967386246,1016.1590162087292,0.0905608688829926,-0.0713604012728932,-0.0033992255451026,0.0,Low,Low,0.0,Low,Medium,0.0,0.0,1.0,1.0,0.20026199001792597,0.1032527542970831,strategic_annual_v2_robust_hybrid,global_log_robust_score_60pct_fire_count_40pct_burned_area,45719.954545454544,0.6658182870220781,10.323584485431388,9.634285188740309,10.730311995762863,47.554545454545455,0.29280008937049656,44.59945454545455,0.0713604012728932,6,0.0,0.0,0.0,0.0,0.0,0.16666666666666666,1.0,0.0,0.0,0.6931471805599453,0.0,0.0,0.0,0.0,0.0,0.08333333333333333,0.5,0.0,0.0,0.4054651081081644,0.0,0.0
Kebili,2022,0.0,0.0,30441.18181818182,15278.772727272728,21.252064231033952,44.22727272727273,1.4909090909090907,161.3909090909091,12.909214717074237,1017.148307525276,0.0906242107034538,-0.0700198996998018,-0.0035175941905388,0.0,Low,Low,0.0,Low,Medium,0.0,0.0,1.0,1.0,0.21247163792053164,0.10382549677432282,strategic_annual_v2_robust_hybrid,global_log_robust_score_60pct_fire_count_40pct_burned_area,45719.954545454544,0.6658182870220781,10.323584485431388,9.634285188740309,10.730311995762863,42.736363636363635,0.25804911685142945,40.99945454545455,0.0700198996998018,7,0.0,0.0,0.0,0.0,0.0,0.14285714285714285,1.0,0.0,0.0,0.6931471805599453,0.0,0.0,0.0,0.0,0.0,0.07142857142857142,0.5,0.0,0.0,0.4054651081081644,0.0,0.0
Kebili,2023,0.0,0.0,30441.18181818182,15278.772727272728,21.327951415829908,48.02,-4.0600000000000005,279.8818181818182,13.476098520463276,1016.4133592864316,0.0809997969514266,-0.0735073927198614,-0.0094693649058173,0.0,Low,Low,0.0,Low,Medium,0.0,0.0,1.0,1.0,0.18393069013838198,0.10247749297180975,strategic_annual_v2_robust_hybrid,global_log_robust_score_60pct_fire_count_40pct_burned_area,45719.954545454544,0.6658182870220781,10.323584485431388,9.634285188740309,10.730311995762863,52.080000000000005,0.16565371467996365,42.42236363636364,0.0735073927198614,8,0.0,0.0,0.0,0.0,0.0,0.125,1.0,0.0,0.0,0.6931471805599453,0.0,0.0,0.0,0.0,0.0,0.0625,0.5,0.0,0.0,0.4054651081081644,0.0,0.0
Kebili,2024,0.0,0.0,30441.18181818182,15278.772727272728,21.380369550463985,44.08,-2.0699999999999994,204.7636363636364,13.516285262934412,1016.5428084522988,0.0920861443895239,-0.0728686836881644,-0.0058181283102766,0.0,Low,Low,0.0,Low,Medium,0.0,0.0,1.0,1.0,0.2057096045390862,0.10350901295003465,strategic_annual_v2_robust_hybrid,global_log_robust_score_60pct_fire_count_40pct_burned_area,45719.954545454544,0.6658182870220781,10.323584485431388,9.634285188740309,10.730311995762863,46.15,0.2052488994243142,39.98472727272727,0.0728686836881644,9,0.0,0.0,0.0,0.0,0.0,0.1111111111111111,1.0,0.0,0.0,0.6931471805599453,0.0,0.0,0.0,0.0,0.0,0.05555555555555555,0.5,0.0,0.0,0.4054651081081644,0.0,0.0
Kebili,2025,4.0,0.0,30441.18181818182,15278.772727272728,20.89816438356164,45.52,-1.9800000000000004,290.94545454545454,12.69,1016.4559146705442,0.0967333375602803,-0.0660922573226358,0.0089816370894008,0.21576054398695882,Medium,Medium,0.21576054398695882,Medium,Medium,0.0,0.0,1.0,3.691730571430457,0.32674137039951007,0.22322864423684674,strategic_annual_v2_robust_hybrid,global_log_robust_score_60pct_fire_count_40pct_burned_area,45719.954545454544,0.6658182870220781,10.323584485431388,9.634285188740309,10.730311995762863,47.5,0.1512566457225713,39.701090909090915,0.0660922573226358,10,0.0,0.0,0.0,0.0,0.0,0.1,1.0,0.0,0.0,0.6931471805599453,0.0,0.0,0.0,0.0,0.0,0.05,0.5,0.0,0.0,0.4054651081081644,0.0,0.0
Le Kef,2015,47.0,132.222,77728.0,38088.0,26.910591801085896,40.74,14.3,2.055555555555556,13.165516360070134,1019.06875,0.092031613881219,-0.069317410783302,0.0008058387504478,0.7958058041775955,High,High,0.7958058041775955,High,High,0.39962706746545934,0.0,0.6003729325345406,39.91889629268715,59.59987850011891,0.7298321803594567,strategic_annual_v2_robust_hybrid,global_log_robust_score_60pct_fire_count_40pct_burned_area,115816.0,0.6711335221385646,11.260983697095838,10.547680805518146,11.65976663818218,26.44,3.3793548387096775,40.69888888888889,0.069317410783302,0,,,,,,,,,,,,,,,,,,,,,,
Le Kef,2016,20.0,792.305,77728.0,38088.0,22.00346496085974,40.23333333333333,4.311111111111111,5.672727272727273,13.619223517905713,1016.8962394965932,0.0893327709117126,-0.079292706691506,-0.003075862418195,0.7859471904318166,High,High,0.7859471904318166,High,High,0.6883006374004865,0.0,0.3116993625995135,47.0,411.2924237135703,0.8597352868302189,strategic_annual_v2_robust_hybrid,global_log_robust_score_60pct_fire_count_40pct_burned_area,115816.0,0.6711335221385646,11.260983697095838,10.547680805518146,11.65976663818218,35.92222222222222,2.567092034029389,40.11987878787878,0.079292706691506,1,47.0,,,47.0,47.0,47.0,47.0,3.871201010907891,3.871201010907891,3.871201010907891,132.222,,,132.222,132.222,132.222,132.222,4.89201690963319,4.89201690963319,4.89201690963319,0.4058161221247496,1.141655729778269
Le Kef,2017,26.0,157.43,77728.0,38088.0,21.272126366616064,44.44444444444444,0.3555555555555555,88.8,13.01565390444876,1016.840465441503,0.0944268191107382,-0.0640609529810337,0.0081922118807939,0.7284793802766534,High,High,0.7284793802766534,High,High,0.5942418438760454,0.0,0.4057581561239546,47.0,194.1503094590926,0.8174088297442205,strategic_annual_v2_robust_hybrid,global_log_robust_score_60pct_fire_count_40pct_burned_area,115816.0,0.6711335221385646,11.260983697095838,10.547680805518146,11.65976663818218,44.08888888888889,0.44984255510571297,42.66844444444444,0.0640609529810337,2,20.0,47.0,,33.5,47.0,33.5,47.0,3.044522437723423,3.5409593240373143,3.871201010907891,792.305,132.222,,462.26349999999996,792.305,462.26349999999996,792.305,6.6762077630739265,6.138296006672854,6.6762077630739265,0.17268771154244664,6.841066864681909
Le Kef,2018,4.0,155.05,77728.0,38088.0,20.45376754505939,45.14545454545455,1.8272727272727276,145.47272727272727,13.72608376889212,1015.0103880944704,0.0955617574094754,-0.0658221039135673,0.0047613527309758,0.5015449199054827,Medium,Medium,0.5015449199054827,Medium,High,0.5263600718998385,0.0,0.47363992810016153,47.0,112.74612488094557,0.7868620323549274,strategic_annual_v2_robust_hybrid,global_log_robust_score_60pct_fire_count_40pct_burned_area,115816.0,0.6711335221385646,11.260983697095838,10.547680805518146,11.65976663818218,43.31818181818182,0.29037539469067947,42.236000000000004,0.0658221039135673,3,26.0,20.0,47.0,31.0,47.0,31.0,47.0,3.295836866004329,3.4657359027997265,3.871201010907891,157.43,792.305,132.222,360.6523333333333,792.305,360.6523333333333,792.305,5.065312855386951,5.890683345184702,6.6762077630739265,0.22449402500518062,1.3593113214063688
Le Kef,2019,7.0,8.07,77728.0,38088.0,20.614126650036905,44.88181818181818,-1.9909090909090907,135.0,14.138777271102883,1015.6160992473164,0.1002167567313819,-0.0613751843207113,0.0105994909584519,0.4035461744971992,Medium,Medium,0.4035461744971992,Medium,High,0.3664567930643633,0.0,0.6335432069356367,47.0,30.893613227348034,0.7149055568789635,strategic_annual_v2_robust_hybrid,global_log_robust_score_60pct_fire_count_40pct_burned_area,115816.0,0.6711335221385646,11.260983697095838,10.547680805518146,11.65976663818218,46.872727272727275,0.30952978056426333,42.18181818181818,0.0613751843207113,4,4.0,26.0,20.0,16.666666666666668,26.0,24.25,47.0,1.6094379124341003,2.8716796248840124,3.871201010907891,155.05,157.43,792.305,368.2616666666666,792.305,309.25175,792.305,5.0501764687167885,5.911505516488979,6.6762077630739265,0.03453754230848933,1.3387614837328177
Le Kef,2020,6.0,17.07,77728.0,38088.0,21.32628943746091,44.554545454545455,1.1909090909090911,142.9090909090909,13.39006922932628,1016.870473618858,0.089773676161205,-0.0687745252228453,0.0008038702147865,0.42465071954701494,Medium,Medium,0.42465071954701494,Medium,High,0.4189144331611935,0.0,0.5810855668388065,47.0,47.402573295732694,0.7385114949225371,strategic_annual_v2_robust_hybrid,global_log_robust_score_60pct_fire_count_40pct_burned_area,115816.0,0.6711335221385646,11.260983697095838,10.547680805518146,11.65976663818218,43.36363636363637,0.2913793103448276,41.696363636363635,0.0687745252228453,5,7.0,4.0,26.0,12.333333333333334,26.0,20.8,47.0,2.0794415416798357,2.5902671654458267,3.871201010907891,8.07,155.05,157.43,106.85000000000001,157.43,249.0154,792.305,2.2049722641270453,4.680741372835166,6.6762077630739265,0.06044069903985633,0.06967949160737723
Le Kef,2021,11.0,3142.32,77728.0,38088.0,22.090646902066204,47.654545454545456,0.1,152.75454545454545,13.769729967386246,1016.1590162087292,0.0905608688829926,-0.0713604012728932,-0.0033992255451026,0.7331255007558567,High,High,0.7331255007558567,High,High,0.7893072103301287,0.0,0.21069278966987126,47.0,919.5257059587393,0.905188244648558,strategic_annual_v2_robust_hybrid,global_log_robust_score_60pct_fire_count_40pct_burned_area,115816.0,0.6711335221385646,11.260983697095838,10.547680805518146,11.65976663818218,47.554545454545455,0.29280008937049656,44.59945454545455,0.0713604012728932,6,6.0,7.0,4.0,5.666666666666667,7.0,18.333333333333332,47.0,1.9459101490553132,1.8971199848858813,3.871201010907891,17.07,8.07,155.05,60.06333333333333,155.05,210.35783333333333,792.305,2.8942531046041373,4.111911576929258,6.6762077630739265,0.05180631346273399,0.1473889618014782
Le Kef,2022,6.0,86.952,77728.0,38088.0,21.252064231033952,44.22727272727273,1.4909090909090907,161.3909090909091,12.909214717074237,1017.148307525276,0.0906242107034538,-0.0700198996998018,-0.0035175941905388,0.5142049495702582,Medium,Medium,0.5142049495702582,Medium,High,0.43889083892923714,0.0,0.5611091610707628,47.0,55.73588482070874,0.7475008775181567,strategic_annual_v2_robust_hybrid,global_log_robust_score_60pct_fire_count_40pct_burned_area,115816.0,0.6711335221385646,11.260983697095838,10.547680805518146,11.65976663818218,42.736363636363635,0.25804911685142945,40.99945454545455,0.0700198996998018,7,11.0,6.0,7.0,8.0,11.0,17.285714285714285,47.0,2.4849066497880004,2.1972245773362196,3.871201010907891,3142.32,17.07,8.07,1055.82,3142.32,629.2095714285715,3142.32,8.053034845168849,6.963019678085814,8.053034845168849,0.09497824134834566,27.132002486703048
Le Kef,2023,10.0,2.4,77728.0,38088.0,21.327951415829908,48.02,-4.0600000000000005,279.8818181818182,13.476098520463276,1016.4133592864316,0.0809997969514266,-0.0735073927198614,-0.0094693649058173,0.39071300683426136,Medium,Medium,0.39071300683426136,Medium,High,0.2824614516111964,0.0,0.7175385483888036,47.0,15.353931716424162,0.6771076532250384,strategic_annual_v2_robust_hybrid,global_log_robust_score_60pct_fire_count_40pct_burned_area,115816.0,0.6711335221385646,11.260983697095838,10.547680805518146,11.65976663818218,52.080000000000005,0.16565371467996365,42.42236363636364,0.0735073927198614,8,6.0,11.0,6.0,7.666666666666667,11.0,15.875,47.0,1.9459101490553132,2.1594842493533726,3.871201010907891,86.952,3142.32,17.07,1082.1139999999998,3142.32,561.427375,3142.32,4.476791211118305,6.987595504619108,8.053034845168849,0.05180631346273399,0.750777094701941
Le Kef,2024,1.0,3.0,77728.0,38088.0,21.380369550463985,44.08,-2.0699999999999994,204.7636363636364,13.516285262934412,1016.5428084522988,0.0920861443895239,-0.0728686836881644,-0.0058181283102766,0.17137200350948012,Medium,Medium,0.17137200350948012,Medium,High,0.30155422678598526,0.0,0.6984457732140148,47.0,18.03530783856138,0.6856994020536934,strategic_annual_v2_robust_hybrid,global_log_robust_score_60pct_fire_count_40pct_burned_area,115816.0,0.6711335221385646,11.260983697095838,10.547680805518146,11.65976663818218,46.15,0.2052488994243142,39.98472727272727,0.0728686836881644,9,10.0,6.0,11.0,9.0,11.0,15.222222222222221,47.0,2.3978952727983707,2.302585092994046,3.871201010907891,2.4,86.952,3142.32,1077.224,3142.32,499.3132222222223,3142.32,1.2237754316221157,6.983070522090924,8.053034845168849,0.08634385577122332,0.020722525385093598
Le Kef,2025,162.0,77.21,77728.0,38088.0,20.89816438356164,45.52,-1.9800000000000004,290.94545454545454,12.69,1016.4559146705442,0.0967333375602803,-0.0660922573226358,0.0089816370894008,0.846693894041829,High,High,0.846693894041829,High,High,0.6967601465536039,0.0,0.30323985344639615,103.24696281008565,104.33295399860673,0.8635420659491218,strategic_annual_v2_robust_hybrid,global_log_robust_score_60pct_fire_count_40pct_burned_area,115816.0,0.6711335221385646,11.260983697095838,10.547680805518146,11.65976663818218,47.5,0.1512566457225713,39.701090909090915,0.0660922573226358,10,1.0,10.0,6.0,5.666666666666667,10.0,13.8,47.0,0.6931471805599453,1.8971199848858813,3.871201010907891,3.0,2.4,86.952,30.784000000000002,86.952,449.68190000000004,3142.32,1.3862943611198906,3.4589630185122977,8.053034845168849,0.008634385577122332,0.025903156731366995
Mahdia,2015,0.0,0.0,4488.0,421.0,26.910591801085896,40.74,14.3,2.055555555555556,13.165516360070134,1019.06875,0.092031613881219,-0.069317410783302,0.0008058387504478,0.0,Low,Low,0.0,Low,Medium,0.0,0.0,1.0,1.838054383472316,0.675933361041517,0.1690609124764869,strategic_annual_v2_robust_hybrid,global_log_robust_score_60pct_fire_count_40pct_burned_area,4909.0,0.9142391525768996,8.409385238781931,6.045005314036012,8.499029220788566,26.44,3.3793548387096775,40.69888888888889,0.069317410783302,0,,,,,,,,,,,,,,,,,,,,,,
Mahdia,2016,0.0,0.0,4488.0,421.0,22.00346496085974,40.23333333333333,4.311111111111111,5.672727272727273,13.619223517905713,1016.8962394965932,0.0893327709117126,-0.079292706691506,-0.003075862418195,0.0,Low,Low,0.0,Low,Low,0.0,0.5647744342385523,0.43522556576144766,0.32262496585044137,0.11258065724703507,0.04352255657614477,strategic_annual_v2_robust_hybrid,global_log_robust_score_60pct_fire_count_40pct_burned_area,4909.0,0.9142391525768996,8.409385238781931,6.045005314036012,8.499029220788566,35.92222222222222,2.567092034029389,40.11987878787878,0.079292706691506,1,0.0,,,0.0,0.0,0.0,0.0,0.0,0.0,0.0,0.0,,,0.0,0.0,0.0,0.0,0.0,0.0,0.0,0.0,0.0
Mahdia,2017,0.0,0.0,4488.0,421.0,21.272126366616064,44.44444444444444,0.3555555555555555,88.8,13.01565390444876,1016.840465441503,0.0944268191107382,-0.0640609529810337,0.0081922118807939,0.0,Low,Low,0.0,Low,Low,0.0,0.9833495890732061,0.016650410926793868,0.006747075691929686,0.013584684878645625,0.0016650410926793832,strategic_annual_v2_robust_hybrid,global_log_robust_score_60pct_fire_count_40pct_burned_area,4909.0,0.9142391525768996,8.409385238781931,6.045005314036012,8.499029220788566,44.08888888888889,0.44984255510571297,42.66844444444444,0.0640609529810337,2,0.0,0.0,,0.0,0.0,0.0,0.0,0.0,0.0,0.0,0.0,0.0,,0.0,0.0,0.0,0.0,0.0,0.0,0.0,0.0,0.0
Mahdia,2018,0.0,0.0,4488.0,421.0,20.45376754505939,45.14545454545455,1.8272727272727276,145.47272727272727,13.72608376889212,1015.0103880944704,0.0955617574094754,-0.0658221039135673,0.0047613527309758,0.0,Low,Low,0.0,Low,Low,0.0,0.9848912301362763,0.01510876986372367,0.006533743231922216,0.011334771702292929,0.0015108769863723677,strategic_annual_v2_robust_hybrid,global_log_robust_score_60pct_fire_count_40pct_burned_area,4909.0,0.9142391525768996,8.409385238781931,6.045005314036012,8.499029220788566,43.31818181818182,0.29037539469067947,42.236000000000004,0.0658221039135673,3,0.0,0.0,0.0,0.0,0.0,0.0,0.0,0.0,0.0,0.0,0.0,0.0,0.0,0.0,0.0,0.0,0.0,0.0,0.0,0.0,0.0,0.0
Mahdia,2019,0.0,0.0,4488.0,421.0,20.614126650036905,44.88181818181818,-1.9909090909090907,135.0,14.138777271102883,1015.6160992473164,0.1002167567313819,-0.0613751843207113,0.0105994909584519,0.0,Low,Low,0.0,Low,Low,0.0,0.9750599667630085,0.024940033236991455,0.007884967645833277,0.025793001135006696,0.0024940033236991502,strategic_annual_v2_robust_hybrid,global_log_robust_score_60pct_fire_count_40pct_burned_area,4909.0,0.9142391525768996,8.409385238781931,6.045005314036012,8.499029220788566,46.872727272727275,0.30952978056426333,42.18181818181818,0.0613751843207113,4,0.0,0.0,0.0,0.0,0.0,0.0,0.0,0.0,0.0,0.0,0.0,0.0,0.0,0.0,0.0,0.0,0.0,0.0,0.0,0.0,0.0,0.0
Mahdia,2020,0.0,0.0,4488.0,421.0,21.32628943746091,44.554545454545455,1.1909090909090911,142.9090909090909,13.39006922932628,1016.870473618858,0.089773676161205,-0.0687745252228453,0.0008038702147865,0.0,Low,Low,0.0,Low,Low,0.0,0.966690785788476,0.033309214211523996,0.01674524388009079,0.019712345310451712,0.0033309214211524065,strategic_annual_v2_robust_hybrid,global_log_robust_score_60pct_fire_count_40pct_burned_area,4909.0,0.9142391525768996,8.409385238781931,6.045005314036012,8.499029220788566,43.36363636363637,0.2913793103448276,41.696363636363635,0.0687745252228453,5,0.0,0.0,0.0,0.0,0.0,0.0,0.0,0.0,0.0,0.0,0.0,0.0,0.0,0.0,0.0,0.0,0.0,0.0,0.0,0.0,0.0,0.0
Mahdia,2021,0.0,0.0,4488.0,421.0,22.090646902066204,47.654545454545456,0.1,152.75454545454545,13.769729967386246,1016.1590162087292,0.0905608688829926,-0.0713604012728932,-0.0033992255451026,0.0,Low,Low,0.0,Low,Low,0.0,0.9853744017647925,0.014625598235207482,0.005917282945709635,0.011939260699276059,0.001462559823520758,strategic_annual_v2_robust_hybrid,global_log_robust_score_60pct_fire_count_40pct_burned_area,4909.0,0.9142391525768996,8.409385238781931,6.045005314036012,8.499029220788566,47.554545454545455,0.29280008937049656,44.59945454545455,0.0713604012728932,6,0.0,0.0,0.0,0.0,0.0,0.0,0.0,0.0,0.0,0.0,0.0,0.0,0.0,0.0,0.0,0.0,0.0,0.0,0.0,0.0,0.0,0.0
Mahdia,2022,0.0,0.0,4488.0,421.0,21.252064231033952,44.22727272727273,1.4909090909090907,161.3909090909091,12.909214717074237,1017.148307525276,0.0906242107034538,-0.0700198996998018,-0.0035175941905388,0.0,Low,Low,0.0,Low,Low,0.0,0.8354043856403804,0.16459561435961956,0.114516143401398,0.03459831668601122,0.01645956143596196,strategic_annual_v2_robust_hybrid,global_log_robust_score_60pct_fire_count_40pct_burned_area,4909.0,0.9142391525768996,8.409385238781931,6.045005314036012,8.499029220788566,42.736363636363635,0.25804911685142945,40.99945454545455,0.0700198996998018,7,0.0,0.0,0.0,0.0,0.0,0.0,0.0,0.0,0.0,0.0,0.0,0.0,0.0,0.0,0.0,0.0,0.0,0.0,0.0,0.0,0.0,0.0
Mahdia,2023,0.0,0.0,4488.0,421.0,21.327951415829908,48.02,-4.0600000000000005,279.8818181818182,13.476098520463276,1016.4133592864316,0.0809997969514266,-0.0735073927198614,-0.0094693649058173,0.0,Low,Low,0.0,Low,Low,0.0,0.9767189806492357,0.02328101935076432,0.015404676494365756,0.004937181672060021,0.002328101935076437,strategic_annual_v2_robust_hybrid,global_log_robust_score_60pct_fire_count_40pct_burned_area,4909.0,0.9142391525768996,8.409385238781931,6.045005314036012,8.499029220788566,52.080000000000005,0.16565371467996365,42.42236363636364,0.0735073927198614,8,0.0,0.0,0.0,0.0,0.0,0.0,0.0,0.0,0.0,0.0,0.0,0.0,0.0,0.0,0.0,0.0,0.0,0.0,0.0,0.0,0.0,0.0
Mahdia,2024,0.0,0.0,4488.0,421.0,21.380369550463985,44.08,-2.0699999999999994,204.7636363636364,13.516285262934412,1016.5428084522988,0.0920861443895239,-0.0728686836881644,-0.0058181283102766,0.0,Low,Low,0.0,Low,Low,0.0,0.823602535046831,0.176397464953169,0.11021090055311954,0.06613241770330346,0.017639746495316893,strategic_annual_v2_robust_hybrid,global_log_robust_score_60pct_fire_count_40pct_burned_area,4909.0,0.9142391525768996,8.409385238781931,6.045005314036012,8.499029220788566,46.15,0.2052488994243142,39.98472727272727,0.0728686836881644,9,0.0,0.0,0.0,0.0,0.0,0.0,0.0,0.0,0.0,0.0,0.0,0.0,0.0,0.0,0.0,0.0,0.0,0.0,0.0,0.0,0.0,0.0
Mahdia,2025,1.0,0.0,4488.0,421.0,20.89816438356164,45.52,-1.9800000000000004,290.94545454545454,12.69,1016.4559146705442,0.0967333375602803,-0.0660922573226358,0.0089816370894008,0.09292300845234634,Low,Low,0.09292300845234634,Low,Medium,0.0,0.0,1.0,1.7754136724456824,0.09904602900177549,0.14219238529812517,strategic_annual_v2_robust_hybrid,global_log_robust_score_60pct_fire_count_40pct_burned_area,4909.0,0.9142391525768996,8.409385238781931,6.045005314036012,8.499029220788566,47.5,0.1512566457225713,39.701090909090915,0.0660922573226358,10,0.0,0.0,0.0,0.0,0.0,0.0,0.0,0.0,0.0,0.0,0.0,0.0,0.0,0.0,0.0,0.0,0.0,0.0,0.0,0.0,0.0,0.0
Manouba,2015,1.0,7.0,5708.0,6740.0,26.910591801085896,40.74,14.3,2.055555555555556,13.165516360070134,1019.06875,0.092031613881219,-0.069317410783302,0.0008058387504478,0.21059650103804703,Medium,Medium,0.21059650103804703,Medium,Medium,0.0,0.0,1.0,4.219872078453791,4.07969960909229,0.31350116830044933,strategic_annual_v2_robust_hybrid,global_log_robust_score_60pct_fire_count_40pct_burned_area,12448.0,0.45854755784061696,8.64979915596426,8.815963560853438,9.429395577381786,26.44,3.3793548387096775,40.69888888888889,0.069317410783302,0,,,,,,,,,,,,,,,,,,,,,,
Manouba,2016,3.0,6.75,5708.0,6740.0,22.00346496085974,40.23333333333333,4.311111111111111,5.672727272727273,13.619223517905713,1016.8962394965932,0.0893327709117126,-0.079292706691506,-0.003075862418195,0.30172288278036413,Medium,Medium,0.30172288278036413,Medium,Medium,0.0,0.0,1.0,2.538355918702733,5.165238377665385,0.272337228611399,strategic_annual_v2_robust_hybrid,global_log_robust_score_60pct_fire_count_40pct_burned_area,12448.0,0.45854755784061696,8.64979915596426,8.815963560853438,9.429395577381786,35.92222222222222,2.567092034029389,40.11987878787878,0.079292706691506,1,1.0,,,1.0,1.0,1.0,1.0,0.6931471805599453,0.6931471805599453,0.6931471805599453,7.0,,,7.0,7.0,7.0,7.0,2.0794415416798357,2.0794415416798357,2.0794415416798357,0.08033419023136246,0.5623393316195373
Manouba,2017,2.0,2.005,5708.0,6740.0,21.272126366616064,44.44444444444444,0.3555555555555555,88.8,13.01565390444876,1016.840465441503,0.0944268191107382,-0.0640609529810337,0.0081922118807939,0.20954307801508482,Medium,Medium,0.20954307801508482,Medium,Medium,0.0,0.0,1.0,3.0,3.115293070919096,0.2659030271394051,strategic_annual_v2_robust_hybrid,global_log_robust_score_60pct_fire_count_40pct_burned_area,12448.0,0.45854755784061696,8.64979915596426,8.815963560853438,9.429395577381786,44.08888888888889,0.44984255510571297,42.66844444444444,0.0640609529810337,2,3.0,1.0,,2.0,3.0,2.0,3.0,1.3862943611198906,1.0986122886681098,1.3862943611198906,6.75,7.0,,6.875,7.0,6.875,7.0,2.0476928433652555,2.063693184711697,2.0794415416798357,0.2410025706940874,0.5422557840616967
Manouba,2018,0.0,0.0,5708.0,6740.0,20.45376754505939,45.14545454545455,1.8272727272727276,145.47272727272727,13.72608376889212,1015.0103880944704,0.0955617574094754,-0.0658221039135673,0.0047613527309758,0.0,Low,Low,0.0,Low,Medium,0.0,0.0,1.0,3.0,2.0341520779103606,0.24865594584586226,strategic_annual_v2_robust_hybrid,global_log_robust_score_60pct_fire_count_40pct_burned_area,12448.0,0.45854755784061696,8.64979915596426,8.815963560853438,9.429395577381786,43.31818181818182,0.29037539469067947,42.236000000000004,0.0658221039135673,3,2.0,3.0,1.0,2.0,3.0,2.0,3.0,1.0986122886681098,1.0986122886681098,1.3862943611198906,2.005,6.75,7.0,5.251666666666666,7.0,5.251666666666666,7.0,1.1002775679871708,1.8328480948657409,2.0794415416798357,0.1606683804627249,0.16107005141388175
Manouba,2019,1.0,10.0,5708.0,6740.0,20.614126650036905,44.88181818181818,-1.9909090909090907,135.0,14.138777271102883,1015.6160992473164,0.1002167567313819,-0.0613751843207113,0.0105994909584519,0.22861747542783123,Medium,Medium,0.22861747542783123,Medium,Medium,0.0,0.0,1.0,3.0,4.712417665134494,0.28446038365633725,strategic_annual_v2_robust_hybrid,global_log_robust_score_60pct_fire_count_40pct_burned_area,12448.0,0.45854755784061696,8.64979915596426,8.815963560853438,9.429395577381786,46.872727272727275,0.30952978056426333,42.18181818181818,0.0613751843207113,4,0.0,2.0,3.0,1.6666666666666667,3.0,1.5,3.0,0.0,0.9808292530117263,1.3862943611198906,0.0,2.005,6.75,2.918333333333333,6.75,3.9387499999999998,7.0,0.0,1.365666393323923,2.0794415416798357,0.0,0.0
Manouba,2020,9.0,40.26,5708.0,6740.0,21.32628943746091,44.554545454545455,1.1909090909090911,142.9090909090909,13.39006922932628,1016.870473618858,0.089773676161205,-0.0687745252228453,0.0008038702147865,0.5191885617494603,Medium,Medium,0.5191885617494603,Medium,Medium,0.0,0.0,1.0,6.236883166613895,13.171524149159799,0.4153601131494218,strategic_annual_v2_robust_hybrid,global_log_robust_score_60pct_fire_count_40pct_burned_area,12448.0,0.45854755784061696,8.64979915596426,8.815963560853438,9.429395577381786,43.36363636363637,0.2913793103448276,41.696363636363635,0.0687745252228453,5,1.0,0.0,2.0,1.0,2.0,1.4,3.0,0.6931471805599453,0.6931471805599453,1.3862943611198906,10.0,0.0,2.005,4.001666666666666,10.0,5.151,10.0,2.3978952727983707,1.6097711902242207,2.3978952727983707,0.08033419023136246,0.8033419023136247
Manouba,2021,16.0,49.79,5708.0,6740.0,22.090646902066204,47.654545454545456,0.1,152.75454545454545,13.769729967386246,1016.1590162087292,0.0905608688829926,-0.0713604012728932,-0.0033992255451026,0.6020838834183948,High,High,0.6020838834183948,High,Medium,0.0,0.0,1.0,12.339004726178866,23.340565549709996,0.527947313183738,strategic_annual_v2_robust_hybrid,global_log_robust_score_60pct_fire_count_40pct_burned_area,12448.0,0.45854755784061696,8.64979915596426,8.815963560853438,9.429395577381786,47.554545454545455,0.29280008937049656,44.59945454545455,0.0713604012728932,6,9.0,1.0,0.0,3.3333333333333335,9.0,2.6666666666666665,9.0,2.302585092994046,1.4663370687934272,2.302585092994046,40.26,10.0,0.0,16.753333333333334,40.26,11.0025,40.26,3.7198935076431057,2.8765732917176767,3.7198935076431057,0.7230077120822622,3.2342544987146526
Manouba,2022,9.0,14.0235,5708.0,6740.0,21.252064231033952,44.22727272727273,1.4909090909090907,161.3909090909091,12.909214717074237,1017.148307525276,0.0906242107034538,-0.0700198996998018,-0.0035175941905388,0.46201795965762094,Medium,Medium,0.46201795965762094,Medium,High,0.022460640552176683,0.0,0.9775393594478233,16.0,23.189513410367354,0.5601072882484796,strategic_annual_v2_robust_hybrid,global_log_robust_score_60pct_fire_count_40pct_burned_area,12448.0,0.45854755784061696,8.64979915596426,8.815963560853438,9.429395577381786,42.736363636363635,0.25804911685142945,40.99945454545455,0.0700198996998018,7,16.0,9.0,1.0,8.666666666666666,16.0,4.571428571428571,16.0,2.833213344056216,2.268683541318364,2.833213344056216,49.79,40.26,10.0,33.35,49.79,16.54357142857143,49.79,3.9276994848131537,3.536602018668358,3.9276994848131537,1.2853470437017993,3.9998393316195373
Manouba,2023,3.0,0.5,5708.0,6740.0,21.327951415829908,48.02,-4.0600000000000005,279.8818181818182,13.476098520463276,1016.4133592864316,0.0809997969514266,-0.0735073927198614,-0.0094693649058173,0.208790877068534,Medium,Medium,0.208790877068534,Medium,Medium,0.0,0.0,1.0,16.0,4.912872623073344,0.4803854329395699,strategic_annual_v2_robust_hybrid,global_log_robust_score_60pct_fire_count_40pct_burned_area,12448.0,0.45854755784061696,8.64979915596426,8.815963560853438,9.429395577381786,52.080000000000005,0.16565371467996365,42.42236363636364,0.0735073927198614,8,9.0,16.0,9.0,11.333333333333334,16.0,5.125,16.0,2.302585092994046,2.512305623976115,2.833213344056216,14.0235,49.79,40.26,34.69116666666667,49.79,16.2285625,49.79,2.709615641826916,3.574903225862914,3.9276994848131537,0.7230077120822622,1.1265665167095116
Manouba,2024,2.0,1.5,5708.0,6740.0,21.380369550463985,44.08,-2.0699999999999994,204.7636363636364,13.516285262934412,1016.5428084522988,0.0920861443895239,-0.0728686836881644,-0.0058181283102766,0.19913144914201653,Medium,Medium,0.19913144914201653,Medium,Medium,0.0,0.0,1.0,16.0,3.4632808574580904,0.4644699124133291,strategic_annual_v2_robust_hybrid,global_log_robust_score_60pct_fire_count_40pct_burned_area,12448.0,0.45854755784061696,8.64979915596426,8.815963560853438,9.429395577381786,46.15,0.2052488994243142,39.98472727272727,0.0728686836881644,9,3.0,9.0,16.0,9.333333333333334,16.0,4.888888888888889,16.0,1.3862943611198906,2.3353749158170367,2.833213344056216,0.5,14.0235,49.79,21.437833333333334,49.79,14.480944444444443,49.79,0.4054651081081644,3.1107485222198554,3.9276994848131537,0.2410025706940874,0.04016709511568123
Manouba,2025,67.0,53.58,5708.0,6740.0,20.89816438356164,45.52,-1.9800000000000004,290.94545454545454,12.69,1016.4559146705442,0.0967333375602803,-0.0660922573226358,0.0089816370894008,0.7920024983403078,High,High,0.7920024983403078,High,High,0.18590622815211857,0.0,0.8140937718478815,30.107207298838812,20.204991521413568,0.6336578026684534,strategic_annual_v2_robust_hybrid,global_log_robust_score_60pct_fire_count_40pct_burned_area,12448.0,0.45854755784061696,8.64979915596426,8.815963560853438,9.429395577381786,47.5,0.1512566457225713,39.701090909090915,0.0660922573226358,10,2.0,3.0,9.0,4.666666666666667,9.0,4.6,16.0,1.0986122886681098,1.7346010553881064,2.833213344056216,1.5,0.5,14.0235,5.341166666666666,14.0235,13.182849999999998,49.79,0.9162907318741551,1.8470627683445109,3.9276994848131537,0.1606683804627249,0.1205012853470437
Medenine,2015,0.0,0.0,30441.18181818182,15278.772727272728,26.910591801085896,40.74,14.3,0.0,13.165516360070134,1019.06875,0.092031613881219,-0.069317410783302,0.0008058387504478,0.0,Low,Low,0.0,Low,Medium,0.0,0.0,1.0,2.8834836279819984,1.455553134732364,0.2327198123576829,strategic_annual_v2_robust_hybrid,global_log_robust_score_60pct_fire_count_40pct_burned_area,45719.954545454544,0.6658182870220781,10.323584485431388,9.634285188740309,10.730311995762863,26.44,4.074,40.74,0.069317410783302,0,,,,,,,,,,,,,,,,,,,,,,
Medenine,2016,0.0,0.0,30441.18181818182,15278.772727272728,22.00346496085974,40.23333333333333,4.311111111111111,0.0,13.619223517905713,1016.8962394965932,0.0901455429964953,-0.0773824890622776,-0.0013287955210824,0.0,Low,Low,0.0,Low,Low,0.0,0.5759846382838215,0.4240153617161785,0.3134349431608494,0.1089242719172704,0.04240153617161785,strategic_annual_v2_robust_hybrid,global_log_robust_score_60pct_fire_count_40pct_burned_area,45719.954545454544,0.6658182870220781,10.323584485431388,9.634285188740309,10.730311995762863,35.92222222222222,4.0233333333333325,40.23333333333333,0.0773824890622776,1,0.0,,,0.0,0.0,0.0,0.0,0.0,0.0,0.0,0.0,,,0.0,0.0,0.0,0.0,0.0,0.0,0.0,0.0,0.0
Medenine,2017,0.0,0.0,30441.18181818182,15278.772727272728,21.272126366616064,44.44444444444444,0.3555555555555555,0.0,13.01565390444876,1016.840465441503,0.0949185866149827,-0.0618866748589598,0.0101557062937369,0.0,Low,Low,0.0,Low,Low,0.0,0.6257186686602837,0.3742813313397163,0.27221949018483965,0.09530678339630468,0.03742813313397163,strategic_annual_v2_robust_hybrid,global_log_robust_score_60pct_fire_count_40pct_burned_area,45719.954545454544,0.6658182870220781,10.323584485431388,9.634285188740309,10.730311995762863,44.08888888888889,4.444444444444445,44.44444444444444,0.0618866748589598,2,0.0,0.0,,0.0,0.0,0.0,0.0,0.0,0.0,0.0,0.0,0.0,,0.0,0.0,0.0,0.0,0.0,0.0,0.0,0.0,0.0
Medenine,2018,0.0,0.0,30441.18181818182,15278.772727272728,21.27521367521368,46.0,5.0,0.0,17.202279202279204,1013.8191176470588,0.0962429872729274,-0.0649755513727339,0.0057489074425385,0.0,Low,Low,0.0,Low,Low,0.0,0.9621124398503695,0.03788756014963046,0.006232733011057117,0.05362081793840099,0.003788756014963046,strategic_annual_v2_robust_hybrid,global_log_robust_score_60pct_fire_count_40pct_burned_area,45719.954545454544,0.6658182870220781,10.323584485431388,9.634285188740309,10.730311995762863,41.0,4.6,46.0,0.0649755513727339,3,0.0,0.0,0.0,0.0,0.0,0.0,0.0,0.0,0.0,0.0,0.0,0.0,0.0,0.0,0.0,0.0,0.0,0.0,0.0,0.0,0.0,0.0
Medenine,2019,0.0,0.0,30441.18181818182,15278.772727272728,21.004109589041096,43.0,6.0,0.0,18.073698630136985,1015.6276712328768,0.1001736227068263,-0.0604023280224889,0.011404007115246,0.0,Low,Low,0.0,Low,Low,0.0,0.7222559257747824,0.27774407422521763,0.21261387932585538,0.0347055041345774,0.027774407422521765,strategic_annual_v2_robust_hybrid,global_log_robust_score_60pct_fire_count_40pct_burned_area,45719.954545454544,0.6658182870220781,10.323584485431388,9.634285188740309,10.730311995762863,37.0,4.3,43.0,0.0604023280224889,4,0.0,0.0,0.0,0.0,0.0,0.0,0.0,0.0,0.0,0.0,0.0,0.0,0.0,0.0,0.0,0.0,0.0,0.0,0.0,0.0,0.0,0.0
Medenine,2020,0.0,0.0,30441.18181818182,15278.772727272728,21.317711171662125,45.0,5.9,0.0,16.810899182561307,1016.9133514986376,0.089974976994274,-0.0677804128929296,0.001699915257582,0.0,Low,Low,0.0,Low,Low,0.0,0.6393533315363,0.36064666846369997,0.2646963915841352,0.08436077467687826,0.03606466684636999,strategic_annual_v2_robust_hybrid,global_log_robust_score_60pct_fire_count_40pct_burned_area,45719.954545454544,0.6658182870220781,10.323584485431388,9.634285188740309,10.730311995762863,39.1,4.5,45.0,0.0677804128929296,5,0.0,0.0,0.0,0.0,0.0,0.0,0.0,0.0,0.0,0.0,0.0,0.0,0.0,0.0,0.0,0.0,0.0,0.0,0.0,0.0,0.0,0.0
Medenine,2021,0.0,0.0,30441.18181818182,15278.772727272728,21.636438356164383,45.0,5.0,0.0,17.793972602739725,1016.337808219178,0.090681013014544,-0.0699305164174581,-0.0028910584694484,0.0,Low,Low,0.0,Low,Low,0.0,0.9076856366503497,0.09231436334965026,0.04124753681528279,0.06969892441094419,0.00923143633496502,strategic_annual_v2_robust_hybrid,global_log_robust_score_60pct_fire_count_40pct_burned_area,45719.954545454544,0.6658182870220781,10.323584485431388,9.634285188740309,10.730311995762863,40.0,4.5,45.0,0.0699305164174581,6,0.0,0.0,0.0,0.0,0.0,0.0,0.0,0.0,0.0,0.0,0.0,0.0,0.0,0.0,0.0,0.0,0.0,0.0,0.0,0.0,0.0,0.0
Medenine,2022,0.0,0.0,30441.18181818182,15278.772727272728,21.339726027397266,40.0,4.9,78.5,15.30164383561644,1017.4487671232876,0.0894342247245935,-0.0704756873095148,-0.0041143656796466,0.0,Low,Low,0.0,Low,Low,0.0,0.3066489789498439,0.6933510210501561,0.5310991028367016,0.24119897520529085,0.06933510210501562,strategic_annual_v2_robust_hybrid,global_log_robust_score_60pct_fire_count_40pct_burned_area,45719.954545454544,0.6658182870220781,10.323584485431388,9.634285188740309,10.730311995762863,35.1,0.4519774011299435,38.43,0.0704756873095148,7,0.0,0.0,0.0,0.0,0.0,0.0,0.0,0.0,0.0,0.0,0.0,0.0,0.0,0.0,0.0,0.0,0.0,0.0,0.0,0.0,0.0,0.0
Medenine,2023,0.0,0.0,30441.18181818182,15278.772727272728,21.10383561643836,47.6,2.1,348.1,15.467397260273971,1016.872602739726,0.0811596323842367,-0.0733066499186358,-0.009371987897215,0.0,Low,Low,0.0,Low,Low,0.0,0.41505675599398556,0.5849432440060145,0.4163730561969405,0.23247047627983078,0.05849432440060145,strategic_annual_v2_robust_hybrid,global_log_robust_score_60pct_fire_count_40pct_burned_area,45719.954545454544,0.6658182870220781,10.323584485431388,9.634285188740309,10.730311995762863,45.5,0.1329237643116448,40.638,0.0733066499186358,8,0.0,0.0,0.0,0.0,0.0,0.0,0.0,0.0,0.0,0.0,0.0,0.0,0.0,0.0,0.0,0.0,0.0,0.0,0.0,0.0,0.0,0.0
Medenine,2024,0.0,0.0,30441.18181818182,15278.772727272728,21.06120218579235,43.6,4.9,253.1,15.520491803278688,1016.9322404371584,0.092575813105729,-0.0719558111787363,-0.0050975079747804,0.0,Low,Low,0.0,Low,Low,0.0,0.40861505298637635,0.5913849470136237,0.44838369024274827,0.18229744659330233,0.05913849470136237,strategic_annual_v2_robust_hybrid,global_log_robust_score_60pct_fire_count_40pct_burned_area,45719.954545454544,0.6658182870220781,10.323584485431388,9.634285188740309,10.730311995762863,38.7,0.16571645762067655,38.538000000000004,0.0719558111787363,9,0.0,0.0,0.0,0.0,0.0,0.0,0.0,0.0,0.0,0.0,0.0,0.0,0.0,0.0,0.0,0.0,0.0,0.0,0.0,0.0,0.0,0.0
Medenine,2025,0.0,0.0,30441.18181818182,15278.772727272728,20.934794520547943,46.9,6.1,358.9,14.664383561643836,1016.7945205479452,0.0967184463527816,-0.0661117097889653,0.0089611435498509,0.0,Low,Low,0.0,Low,Medium,0.0,0.0,1.0,1.9450457914960055,0.4570949201334944,0.16610362408573603,strategic_annual_v2_robust_hybrid,global_log_robust_score_60pct_fire_count_40pct_burned_area,45719.954545454544,0.6658182870220781,10.323584485431388,9.634285188740309,10.730311995762863,40.8,0.127134724857685,39.722,0.0661117097889653,10,0.0,0.0,0.0,0.0,0.0,0.0,0.0,0.0,0.0,0.0,0.0,0.0,0.0,0.0,0.0,0.0,0.0,0.0,0.0,0.0,0.0,0.0
Monastir,2015,0.0,0.0,301.0,203.0,26.910591801085896,40.74,14.3,2.055555555555556,13.165516360070134,1019.06875,0.092031613881219,-0.069317410783302,0.0008058387504478,0.0,Low,Low,0.0,Low,Medium,0.0,0.0,1.0,2.1221197859257206,0.6881179083376062,0.18225924740592567,strategic_annual_v2_robust_hybrid,global_log_robust_score_60pct_fire_count_40pct_burned_area,504.0,0.5972222222222222,5.71042701737487,5.318119993844216,6.22455842927536,26.44,3.3793548387096775,40.69888888888889,0.069317410783302,0,,,,,,,,,,,,,,,,,,,,,,
Monastir,2016,0.0,0.0,301.0,203.0,22.00346496085974,40.23333333333333,4.311111111111111,5.672727272727273,13.619223517905713,1016.8962394965932,0.0893327709117126,-0.079292706691506,-0.003075862418195,0.0,Low,Low,0.0,Low,Low,0.0,0.6154662353543914,0.3845337646456086,0.2615762072574798,0.13775169532619239,0.038453376464560866,strategic_annual_v2_robust_hybrid,global_log_robust_score_60pct_fire_count_40pct_burned_area,504.0,0.5972222222222222,5.71042701737487,5.318119993844216,6.22455842927536,35.92222222222222,2.567092034029389,40.11987878787878,0.079292706691506,1,0.0,,,0.0,0.0,0.0,0.0,0.0,0.0,0.0,0.0,,,0.0,0.0,0.0,0.0,0.0,0.0,0.0,0.0,0.0
Monastir,2017,0.0,0.0,301.0,203.0,21.272126366616064,44.44444444444444,0.3555555555555555,88.8,13.01565390444876,1016.840465441503,0.0944268191107382,-0.0640609529810337,0.0081922118807939,0.0,Low,Low,0.0,Low,Low,0.0,0.9474448891345771,0.05255511086542286,0.03103464685876914,0.020679100234043044,0.005255511086542287,strategic_annual_v2_robust_hybrid,global_log_robust_score_60pct_fire_count_40pct_burned_area,504.0,0.5972222222222222,5.71042701737487,5.318119993844216,6.22455842927536,44.08888888888889,0.44984255510571297,42.66844444444444,0.0640609529810337,2,0.0,0.0,,0.0,0.0,0.0,0.0,0.0,0.0,0.0,0.0,0.0,,0.0,0.0,0.0,0.0,0.0,0.0,0.0,0.0,0.0
Monastir,2018,0.0,0.0,301.0,203.0,20.45376754505939,45.14545454545455,1.8272727272727276,145.47272727272727,13.72608376889212,1015.0103880944704,0.0955617574094754,-0.0658221039135673,0.0047613527309758,0.0,Low,Low,0.0,Low,Low,0.0,0.9674505104561056,0.03254948954389436,0.014161557973632992,0.024500996775089934,0.0032549489543894413,strategic_annual_v2_robust_hybrid,global_log_robust_score_60pct_fire_count_40pct_burned_area,504.0,0.5972222222222222,5.71042701737487,5.318119993844216,6.22455842927536,43.31818181818182,0.29037539469067947,42.236000000000004,0.0658221039135673,3,0.0,0.0,0.0,0.0,0.0,0.0,0.0,0.0,0.0,0.0,0.0,0.0,0.0,0.0,0.0,0.0,0.0,0.0,0.0,0.0,0.0,0.0
Monastir,2019,0.0,0.0,301.0,203.0,20.614126650036905,44.88181818181818,-1.9909090909090907,135.0,14.138777271102883,1015.6160992473164,0.1002167567313819,-0.0613751843207113,0.0105994909584519,0.0,Low,Low,0.0,Low,Low,0.0,0.9507217603424106,0.04927823965758937,0.018376169945566873,0.04492268314956034,0.0049278239657589455,strategic_annual_v2_robust_hybrid,global_log_robust_score_60pct_fire_count_40pct_burned_area,504.0,0.5972222222222222,5.71042701737487,5.318119993844216,6.22455842927536,46.872727272727275,0.30952978056426333,42.18181818181818,0.0613751843207113,4,0.0,0.0,0.0,0.0,0.0,0.0,0.0,0.0,0.0,0.0,0.0,0.0,0.0,0.0,0.0,0.0,0.0,0.0,0.0,0.0,0.0,0.0
Monastir,2020,0.0,0.0,301.0,203.0,21.32628943746091,44.554545454545455,1.1909090909090911,142.9090909090909,13.39006922932628,1016.870473618858,0.089773676161205,-0.0687745252228453,0.0008038702147865,0.0,Low,Low,0.0,Low,Low,0.0,0.8214199196465113,0.1785800803534887,0.11851290153223688,0.05152902976501821,0.017858008035348878,strategic_annual_v2_robust_hybrid,global_log_robust_score_60pct_fire_count_40pct_burned_area,504.0,0.5972222222222222,5.71042701737487,5.318119993844216,6.22455842927536,43.36363636363637,0.2913793103448276,41.696363636363635,0.0687745252228453,5,0.0,0.0,0.0,0.0,0.0,0.0,0.0,0.0,0.0,0.0,0.0,0.0,0.0,0.0,0.0,0.0,0.0,0.0,0.0,0.0,0.0,0.0
Monastir,2021,0.0,0.0,301.0,203.0,22.090646902066204,47.654545454545456,0.1,152.75454545454545,13.769729967386246,1016.1590162087292,0.0905608688829926,-0.0713604012728932,-0.0033992255451026,0.0,Low,Low,0.0,Low,Low,0.0,0.9356887201266271,0.06431127987337293,0.021409533085906245,0.06551932812029862,0.006431127987337288,strategic_annual_v2_robust_hybrid,global_log_robust_score_60pct_fire_count_40pct_burned_area,504.0,0.5972222222222222,5.71042701737487,5.318119993844216,6.22455842927536,47.554545454545455,0.29280008937049656,44.59945454545455,0.0713604012728932,6,0.0,0.0,0.0,0.0,0.0,0.0,0.0,0.0,0.0,0.0,0.0,0.0,0.0,0.0,0.0,0.0,0.0,0.0,0.0,0.0,0.0,0.0
Monastir,2022,0.0,0.0,301.0,203.0,21.252064231033952,44.22727272727273,1.4909090909090907,161.3909090909091,12.909214717074237,1017.148307525276,0.0906242107034538,-0.0700198996998018,-0.0035175941905388,0.0,Low,Low,0.0,Low,Low,0.0,0.7231179451730085,0.27688205482699146,0.1759266917492928,0.11112555161857465,0.02768820548269915,strategic_annual_v2_robust_hybrid,global_log_robust_score_60pct_fire_count_40pct_burned_area,504.0,0.5972222222222222,5.71042701737487,5.318119993844216,6.22455842927536,42.736363636363635,0.25804911685142945,40.99945454545455,0.0700198996998018,7,0.0,0.0,0.0,0.0,0.0,0.0,0.0,0.0,0.0,0.0,0.0,0.0,0.0,0.0,0.0,0.0,0.0,0.0,0.0,0.0,0.0,0.0
Monastir,2023,0.0,0.0,301.0,203.0,21.327951415829908,48.02,-4.0600000000000005,279.8818181818182,13.476098520463276,1016.4133592864316,0.0809997969514266,-0.0735073927198614,-0.0094693649058173,0.0,Low,Low,0.0,Low,Low,0.0,0.8610431220094131,0.13895687799058687,0.06596548660346827,0.09880186825550274,0.01389568779905868,strategic_annual_v2_robust_hybrid,global_log_robust_score_60pct_fire_count_40pct_burned_area,504.0,0.5972222222222222,5.71042701737487,5.318119993844216,6.22455842927536,52.080000000000005,0.16565371467996365,42.42236363636364,0.0735073927198614,8,0.0,0.0,0.0,0.0,0.0,0.0,0.0,0.0,0.0,0.0,0.0,0.0,0.0,0.0,0.0,0.0,0.0,0.0,0.0,0.0,0.0,0.0
Monastir,2024,1.0,1.5,301.0,203.0,21.380369550463985,44.08,-2.0699999999999994,204.7636363636364,13.516285262934412,1016.5428084522988,0.0920861443895239,-0.0728686836881644,-0.0058181283102766,0.14477497374319884,Medium,Medium,0.14477497374319884,Medium,Low,0.0,0.5430655331244109,0.45693446687558914,0.28912076181369467,0.22854246891578353,0.04569344668755892,strategic_annual_v2_robust_hybrid,global_log_robust_score_60pct_fire_count_40pct_burned_area,504.0,0.5972222222222222,5.71042701737487,5.318119993844216,6.22455842927536,46.15,0.2052488994243142,39.98472727272727,0.0728686836881644,9,0.0,0.0,0.0,0.0,0.0,0.0,0.0,0.0,0.0,0.0,0.0,0.0,0.0,0.0,0.0,0.0,0.0,0.0,0.0,0.0,0.0,0.0
Monastir,2025,6.0,0.32,301.0,203.0,20.89816438356164,45.52,-1.9800000000000004,290.94545454545454,12.69,1016.4559146705442,0.0967333375602803,-0.0660922573226358,0.0089816370894008,0.2765787641801491,Medium,Medium,0.2765787641801491,Medium,Medium,0.0,0.0,1.0,6.1357613451673165,1.0329906949198637,0.30359332609231454,strategic_annual_v2_robust_hybrid,global_log_robust_score_60pct_fire_count_40pct_burned_area,504.0,0.5972222222222222,5.71042701737487,5.318119993844216,6.22455842927536,47.5,0.1512566457225713,39.701090909090915,0.0660922573226358,10,1.0,0.0,0.0,0.3333333333333333,1.0,0.1,1.0,0.6931471805599453,0.2876820724517809,0.6931471805599453,1.5,0.0,0.0,0.5,1.5,0.15,1.5,0.9162907318741551,0.4054651081081644,0.9162907318741551,1.984126984126984,2.976190476190476
Nabeul,2015,24.0,13.1085,42410.0,26664.0,26.910591801085896,40.74,14.3,2.055555555555556,13.165516360070134,1019.06875,0.092031613881219,-0.069317410783302,0.0008058387504478,0.5812995456537136,High,High,0.5812995456537136,High,High,0.08778914426664787,0.0,0.9122108557333521,22.41973051630706,18.038613477553454,0.5895051149199916,strategic_annual_v2_robust_hybrid,global_log_robust_score_60pct_fire_count_40pct_burned_area,69074.0,0.6139792107015665,10.655163041535141,10.191107123034703,11.142948149791618,26.44,3.3793548387096775,40.69888888888889,0.069317410783302,0,,,,,,,,,,,,,,,,,,,,,,
Nabeul,2016,8.0,7.33,42410.0,26664.0,22.00346496085974,40.23333333333333,4.311111111111111,5.672727272727273,13.619223517905713,1016.8962394965932,0.0893327709117126,-0.079292706691506,-0.003075862418195,0.41451989552520563,Medium,Medium,0.41451989552520563,Medium,High,0.14445339170402374,0.0,0.8555466082959763,24.0,24.594535056363675,0.6150040262668107,strategic_annual_v2_robust_hybrid,global_log_robust_score_60pct_fire_count_40pct_burned_area,69074.0,0.6139792107015665,10.655163041535141,10.191107123034703,11.142948149791618,35.92222222222222,2.567092034029389,40.11987878787878,0.079292706691506,1,24.0,,,24.0,24.0,24.0,24.0,3.2188758248682006,3.2188758248682006,3.2188758248682006,13.1085,,,13.1085,13.1085,13.1085,13.1085,2.646777452630397,2.646777452630397,2.646777452630397,0.34745345571416164,0.18977473434287864
Nabeul,2017,17.0,6.884,42410.0,26664.0,21.272126366616064,44.44444444444444,0.3555555555555555,88.8,13.01565390444876,1016.840465441503,0.0944268191107382,-0.0640609529810337,0.0081922118807939,0.5043289213571258,Medium,Medium,0.5043289213571258,Medium,High,0.14650999970895795,0.0,0.853490000291042,24.0,25.016557438615504,0.6159294998690311,strategic_annual_v2_robust_hybrid,global_log_robust_score_60pct_fire_count_40pct_burned_area,69074.0,0.6139792107015665,10.655163041535141,10.191107123034703,11.142948149791618,44.08888888888889,0.44984255510571297,42.66844444444444,0.0640609529810337,2,8.0,24.0,,16.0,24.0,16.0,24.0,2.1972245773362196,2.833213344056216,3.2188758248682006,7.33,13.1085,,10.219249999999999,13.1085,10.219249999999999,13.1085,2.1198634561787513,2.4176310529405427,2.646777452630397,0.1158178185713872,0.10611807626603353
Nabeul,2018,11.0,35.186,42410.0,26664.0,20.45376754505939,45.14545454545455,1.8272727272727276,145.47272727272727,13.72608376889212,1015.0103880944704,0.0955617574094754,-0.0658221039135673,0.0047613527309758,0.5362048349219171,Medium,High,0.5362048349219171,Medium,High,0.1792343242863538,0.0,0.8207656757136462,24.0,32.74929452817047,0.6306554459288592,strategic_annual_v2_robust_hybrid,global_log_robust_score_60pct_fire_count_40pct_burned_area,69074.0,0.6139792107015665,10.655163041535141,10.191107123034703,11.142948149791618,43.31818181818182,0.29037539469067947,42.236000000000004,0.0658221039135673,3,17.0,8.0,24.0,16.333333333333332,24.0,16.333333333333332,24.0,2.8903717578961645,2.8526314299133175,3.2188758248682006,6.884,7.33,13.1085,9.1075,13.1085,9.1075,13.1085,2.0648353892904736,2.313277722532789,2.646777452630397,0.2461128644641978,0.0996612328806787
Nabeul,2019,13.0,191.042,42410.0,26664.0,20.614126650036905,44.88181818181818,-1.9909090909090907,135.0,14.138777271102883,1015.6160992473164,0.1002167567313819,-0.0613751843207113,0.0105994909584519,0.6513195939546519,High,High,0.6513195939546519,High,High,0.2775705985644307,0.0,0.7224294014355692,24.0,72.7688942608961,0.6749067693539939,strategic_annual_v2_robust_hybrid,global_log_robust_score_60pct_fire_count_40pct_burned_area,69074.0,0.6139792107015665,10.655163041535141,10.191107123034703,11.142948149791618,46.872727272727275,0.30952978056426333,42.18181818181818,0.0613751843207113,4,11.0,17.0,8.0,12.0,17.0,15.0,24.0,2.4849066497880004,2.5649493574615367,3.2188758248682006,35.186,6.884,7.33,16.466666666666665,35.186,15.627125,35.186,3.588672303696905,2.8602943026588865,3.588672303696905,0.15924950053565742,0.5093957205316039
Nabeul,2020,17.0,68.71,42410.0,26664.0,21.32628943746091,44.554545454545455,1.1909090909090911,142.9090909090909,13.39006922932628,1016.870473618858,0.089773676161205,-0.0687745252228453,0.0008038702147865,0.6276650956399621,High,High,0.6276650956399621,High,High,0.2372945939342122,0.0,0.7627054060657878,24.0,52.55232744145686,0.6567825672703955,strategic_annual_v2_robust_hybrid,global_log_robust_score_60pct_fire_count_40pct_burned_area,69074.0,0.6139792107015665,10.655163041535141,10.191107123034703,11.142948149791618,43.36363636363637,0.2913793103448276,41.696363636363635,0.0687745252228453,5,13.0,11.0,17.0,13.666666666666666,17.0,14.6,24.0,2.6390573296152584,2.6855773452501515,3.2188758248682006,191.042,35.186,6.884,77.704,191.042,50.7101,191.042,5.257714098105489,4.365693980052984,5.257714098105489,0.18820395517850422,2.7657584619393694
Nabeul,2021,34.0,464.387,42410.0,26664.0,22.090646902066204,47.654545454545456,0.1,152.75454545454545,13.769729967386246,1016.1590162087292,0.0905608688829926,-0.0713604012728932,-0.0033992255451026,0.8242471676369543,High,High,0.8242471676369543,High,High,0.5701874873093236,0.0,0.42981251269067644,32.388753152913054,379.84547225559623,0.8065843692891956,strategic_annual_v2_robust_hybrid,global_log_robust_score_60pct_fire_count_40pct_burned_area,69074.0,0.6139792107015665,10.655163041535141,10.191107123034703,11.142948149791618,47.554545454545455,0.29280008937049656,44.59945454545455,0.0713604012728932,6,17.0,13.0,11.0,13.666666666666666,17.0,15.0,24.0,2.8903717578961645,2.6855773452501515,3.2188758248682006,68.71,191.042,35.186,98.31266666666666,191.042,53.71008333333333,191.042,4.244343779498307,4.598273122499847,5.257714098105489,0.2461128644641978,0.9947302892550017
Nabeul,2022,63.0,243.168,42410.0,26664.0,21.252064231033952,44.22727272727273,1.4909090909090907,161.3909090909091,12.909214717074237,1017.148307525276,0.0906242107034538,-0.0700198996998018,-0.0035175941905388,0.8686561873135356,High,High,0.8686561873135356,High,High,0.5020966770153303,0.0,0.49790332298466966,38.65522867127479,146.44464332971026,0.7759435046568987,strategic_annual_v2_robust_hybrid,global_log_robust_score_60pct_fire_count_40pct_burned_area,69074.0,0.6139792107015665,10.655163041535141,10.191107123034703,11.142948149791618,42.736363636363635,0.25804911685142945,40.99945454545455,0.0700198996998018,7,34.0,17.0,13.0,21.333333333333332,34.0,17.714285714285715,34.0,3.5553480614894135,3.106080330722856,3.5553480614894135,464.387,68.71,191.042,241.37966666666668,464.387,112.3782142857143,464.387,6.142869317517165,5.490505367288413,6.142869317517165,0.4922257289283956,6.723036164113849
Nabeul,2023,40.0,114.65,42410.0,26664.0,21.327951415829908,48.02,-4.0600000000000005,279.8818181818182,13.476098520463276,1016.4133592864316,0.0809997969514266,-0.0735073927198614,-0.0094693649058173,0.7666697080617643,High,High,0.7666697080617643,High,High,0.610703606675324,0.0,0.389296393324676,63.0,111.5227229589123,0.8248166230038958,strategic_annual_v2_robust_hybrid,global_log_robust_score_60pct_fire_count_40pct_burned_area,69074.0,0.6139792107015665,10.655163041535141,10.191107123034703,11.142948149791618,52.080000000000005,0.16565371467996365,42.42236363636364,0.0735073927198614,8,63.0,34.0,17.0,38.0,63.0,23.375,63.0,4.1588830833596715,3.6635616461296463,4.1588830833596715,243.168,464.387,68.71,258.755,464.387,128.7269375,464.387,5.497856512959056,5.559738879072224,6.142869317517165,0.9120653212496743,3.5203984132958857
Nabeul,2024,39.0,30.0,42410.0,26664.0,21.380369550463985,44.08,-2.0699999999999994,204.7636363636364,13.516285262934412,1016.5428084522988,0.0920861443895239,-0.0728686836881644,-0.0058181283102766,0.6888554302768031,High,High,0.6888554302768031,High,High,0.5323502162246019,0.0,0.4676497837753981,63.0,59.345294589316126,0.7895575973010709,strategic_annual_v2_robust_hybrid,global_log_robust_score_60pct_fire_count_40pct_burned_area,69074.0,0.6139792107015665,10.655163041535141,10.191107123034703,11.142948149791618,46.15,0.2052488994243142,39.98472727272727,0.0728686836881644,9,40.0,63.0,34.0,45.666666666666664,63.0,25.22222222222222,63.0,3.713572066704308,3.8430301339411947,4.1588830833596715,114.65,243.168,464.387,274.0683333333333,464.387,127.16283333333334,464.387,4.750568388677448,5.617019551647809,6.142869317517165,0.5790890928569361,1.6598141124011931
Nabeul,2025,43.0,30.61,42410.0,26664.0,20.89816438356164,45.52,-1.9800000000000004,290.94545454545454,12.69,1016.4559146705442,0.0967333375602803,-0.0660922573226358,0.0089816370894008,0.702735382604972,High,High,0.702735382604972,High,High,0.55821171221973,0.0,0.44178828778027,63.0,73.12371989780817,0.8011952704988785,strategic_annual_v2_robust_hybrid,global_log_robust_score_60pct_fire_count_40pct_burned_area,69074.0,0.6139792107015665,10.655163041535141,10.191107123034703,11.142948149791618,47.5,0.1512566457225713,39.701090909090915,0.0660922573226358,10,39.0,40.0,63.0,47.333333333333336,63.0,26.6,63.0,3.6888794541139363,3.8781214537524646,4.1588830833596715,30.0,114.65,243.168,129.27266666666665,243.168,117.44655,464.387,3.4339872044851463,4.8696296898052225,6.142869317517165,0.5646118655355127,0.434316819642702
Sfax,2015,1.0,2.0,4999.0,1516.0,20.6,40.74,14.3,0.0,13.2,1019.06875,0.092031613881219,-0.069317410783302,0.0008058387504478,0.15509236614475455,Medium,Medium,0.15509236614475455,Medium,Medium,0.0,0.0,1.0,1.1227740045646646,0.8104457968375784,0.13449951586286515,strategic_annual_v2_robust_hybrid,global_log_robust_score_60pct_fire_count_40pct_burned_area,6515.0,0.7673062164236377,8.517193191416238,7.324489979348532,8.782015969721936,26.44,4.074,40.74,0.069317410783302,0,,,,,,,,,,,,,,,,,,,,,,
Sfax,2016,0.0,0.0,4999.0,1516.0,20.605263157894736,37.3,4.6,0.0,13.260526315789477,1017.0757575757576,0.0901455429964953,-0.0773824890622776,-0.0013287955210824,0.0,Low,Low,0.0,Low,Medium,0.0,0.0,1.0,1.0,0.16672554139431683,0.10164909507102868,strategic_annual_v2_robust_hybrid,global_log_robust_score_60pct_fire_count_40pct_burned_area,6515.0,0.7673062164236377,8.517193191416238,7.324489979348532,8.782015969721936,32.699999999999996,3.7299999999999995,37.3,0.0773824890622776,1,1.0,,,1.0,1.0,1.0,1.0,0.6931471805599453,0.6931471805599453,0.6931471805599453,2.0,,,2.0,2.0,2.0,2.0,1.0986122886681098,1.0986122886681098,1.0986122886681098,0.15349194167306215,0.3069838833461243
Sfax,2017,0.0,0.0,4999.0,1516.0,19.7146408839779,43.5,2.0,0.0,13.279834254143648,1017.0873595505616,0.0952359678303023,-0.0619785924986066,0.0100658464620482,0.0,Low,Low,0.0,Low,Low,0.0,0.06504355571674794,0.9349564442832521,1.0,0.010170584520569485,0.09349564442832521,strategic_annual_v2_robust_hybrid,global_log_robust_score_60pct_fire_count_40pct_burned_area,6515.0,0.7673062164236377,8.517193191416238,7.324489979348532,8.782015969721936,41.5,4.35,43.5,0.0619785924986066,2,0.0,1.0,,0.5,1.0,0.5,1.0,0.0,0.4054651081081644,0.6931471805599453,0.0,2.0,,1.0,2.0,1.0,2.0,0.0,0.6931471805599453,1.0986122886681098,0.0,0.0
Sfax,2018,0.0,0.0,4999.0,1516.0,20.385635359116023,41.0,2.7,0.0,13.485635359116024,1015.1708454810496,0.0962020724627576,-0.0651336526164884,0.0056189596557705,0.0,Low,Low,0.0,Low,Low,0.0,0.059386901953233096,0.9406130980467668,1.0,0.020318919780609623,0.0940613098046767,strategic_annual_v2_robust_hybrid,global_log_robust_score_60pct_fire_count_40pct_burned_area,6515.0,0.7673062164236377,8.517193191416238,7.324489979348532,8.782015969721936,38.3,4.1,41.0,0.0651336526164884,3,0.0,0.0,1.0,0.3333333333333333,1.0,0.3333333333333333,1.0,0.0,0.2876820724517809,0.6931471805599453,0.0,0.0,2.0,0.6666666666666666,2.0,0.6666666666666666,2.0,0.0,0.5108256237659906,1.0986122886681098,0.0,0.0
Sfax,2019,0.0,0.0,4999.0,1516.0,20.072602739726022,44.1,,0.0,13.554246575342466,1015.2424657534248,0.1002552810693127,-0.0606507085423117,0.0111395450174861,0.0,Low,Low,0.0,Low,Low,0.0,0.06447561719978762,0.9355243828002124,1.0,0.011184921046949254,0.09355243828002124,strategic_annual_v2_robust_hybrid,global_log_robust_score_60pct_fire_count_40pct_burned_area,6515.0,0.7673062164236377,8.517193191416238,7.324489979348532,8.782015969721936,,4.41,44.1,0.0606507085423117,4,0.0,0.0,0.0,0.0,0.0,0.25,1.0,0.0,0.0,0.6931471805599453,0.0,0.0,0.0,0.0,0.0,0.5,2.0,0.0,0.0,1.0986122886681098,0.0,0.0
Sfax,2020,0.0,0.0,4999.0,1516.0,20.54699453551913,41.0,2.7,0.0,12.78360655737705,1016.771038251366,0.0900493220006376,-0.0676357965852909,0.0018146089846232,0.0,Low,Low,0.0,Low,Low,0.0,0.058623222633076844,0.9413767773669232,1.0,0.02169678938488464,0.09413767773669232,strategic_annual_v2_robust_hybrid,global_log_robust_score_60pct_fire_count_40pct_burned_area,6515.0,0.7673062164236377,8.517193191416238,7.324489979348532,8.782015969721936,38.3,4.1,41.0,0.0676357965852909,5,0.0,0.0,0.0,0.0,0.0,0.2,1.0,0.0,0.0,0.6931471805599453,0.0,0.0,0.0,0.0,0.0,0.4,2.0,0.0,0.0,1.0986122886681098,0.0,0.0
Sfax,2021,0.0,0.0,4999.0,1516.0,20.977534246575345,46.0,2.0,0.0,13.366575342465756,1016.2038356164384,0.0904896519028037,-0.0709017170652003,-0.0033921366816773,0.0,Low,Low,0.0,Low,Low,0.0,0.05883110783875198,0.941168892161248,1.0,0.021321527966682324,0.09411688921612481,strategic_annual_v2_robust_hybrid,global_log_robust_score_60pct_fire_count_40pct_burned_area,6515.0,0.7673062164236377,8.517193191416238,7.324489979348532,8.782015969721936,44.0,4.6,46.0,0.0709017170652003,6,0.0,0.0,0.0,0.0,0.0,0.16666666666666666,1.0,0.0,0.0,0.6931471805599453,0.0,0.0,0.0,0.0,0.0,0.3333333333333333,2.0,0.0,0.0,1.0986122886681098,0.0,0.0
Sfax,2022,0.0,0.0,4999.0,1516.0,21.40164383561644,43.0,3.0,27.0,12.764109589041094,1017.1964383561644,0.0894569314080102,-0.0704760171993272,-0.0041628146206618,0.0,Low,Low,0.0,Low,Low,0.0,0.012663845164590792,0.9873361548354092,1.0,0.10813772252608436,0.09873361548354093,strategic_annual_v2_robust_hybrid,global_log_robust_score_60pct_fire_count_40pct_burned_area,6515.0,0.7673062164236377,8.517193191416238,7.324489979348532,8.782015969721936,40.0,1.162162162162162,42.46,0.0704760171993272,7,0.0,0.0,0.0,0.0,0.0,0.14285714285714285,1.0,0.0,0.0,0.6931471805599453,0.0,0.0,0.0,0.0,0.0,0.2857142857142857,2.0,0.0,0.0,1.0986122886681098,0.0,0.0
Sfax,2023,0.0,0.0,4999.0,1516.0,21.20817438692098,46.0,3.0,176.2,13.091553133514989,1016.4400544959128,0.0812084893831888,-0.0732529540950654,-0.0092566503380868,0.0,Low,Low,0.0,Low,Medium,0.0,0.0,1.0,1.0,0.13935433970085942,0.10030570591972723,strategic_annual_v2_robust_hybrid,global_log_robust_score_60pct_fire_count_40pct_burned_area,6515.0,0.7673062164236377,8.517193191416238,7.324489979348532,8.782015969721936,43.0,0.24704618689581098,42.476,0.0732529540950654,8,0.0,0.0,0.0,0.0,0.0,0.125,1.0,0.0,0.0,0.6931471805599453,0.0,0.0,0.0,0.0,0.0,0.25,2.0,0.0,0.0,1.0986122886681098,0.0,0.0
Sfax,2024,0.0,0.0,4999.0,1516.0,21.67853260869565,38.2,5.0,162.3,13.25679347826087,1016.51875,0.0935449948159916,-0.0713688078757633,-0.0042695056772494,0.0,Low,Low,0.0,Low,Medium,0.0,0.0,1.0,1.0,0.23195313101182138,0.10472751784381532,strategic_annual_v2_robust_hybrid,global_log_robust_score_60pct_fire_count_40pct_burned_area,6515.0,0.7673062164236377,8.517193191416238,7.324489979348532,8.782015969721936,33.2,0.2217063261752757,34.954,0.0713688078757633,9,0.0,0.0,0.0,0.0,0.0,0.1111111111111111,1.0,0.0,0.0,0.6931471805599453,0.0,0.0,0.0,0.0,0.0,0.2222222222222222,2.0,0.0,0.0,1.0986122886681098,0.0,0.0
Sfax,2025,2.0,0.05,4999.0,1516.0,21.055890410958902,44.0,3.7,330.4,12.661369863013698,1016.4750684931508,0.0967184463527816,-0.0661117097889653,0.0089611435498509,0.15004046986907765,Medium,Medium,0.15004046986907765,Medium,Medium,0.0,0.0,1.0,4.362102920489339,0.28429510625254606,0.23929289506721546,strategic_annual_v2_robust_hybrid,global_log_robust_score_60pct_fire_count_40pct_burned_area,6515.0,0.7673062164236377,8.517193191416238,7.324489979348532,8.782015969721936,40.3,0.1292596944770858,37.392,0.0661117097889653,10,0.0,0.0,0.0,0.0,0.0,0.1,1.0,0.0,0.0,0.6931471805599453,0.0,0.0,0.0,0.0,0.0,0.2,2.0,0.0,0.0,1.0986122886681098,0.0,0.0
Sidi Bouzid,2015,9.0,17.1106,16820.0,5135.0,26.910591801085896,40.74,14.3,2.055555555555556,13.165516360070134,1019.06875,0.092031613881219,-0.069317410783302,0.0008058387504478,0.4725934093658538,Medium,Medium,0.4725934093658538,Medium,Medium,0.0,0.0,1.0,2.316355228390136,2.0227042104330404,0.22331551517012982,strategic_annual_v2_robust_hybrid,global_log_robust_score_60pct_fire_count_40pct_burned_area,21955.0,0.7661125028467319,9.730383384791782,8.544029845369797,9.99679572966978,26.44,3.3793548387096775,40.69888888888889,0.069317410783302,0,,,,,,,,,,,,,,,,,,,,,,
Sidi Bouzid,2016,0.0,0.0,16820.0,5135.0,22.00346496085974,40.23333333333333,4.311111111111111,5.672727272727273,13.619223517905713,1016.8962394965932,0.0893327709117126,-0.079292706691506,-0.003075862418195,0.0,Low,Low,0.0,Low,Medium,0.0,0.0,1.0,9.0,1.7757338657105723,0.36645610871716766,strategic_annual_v2_robust_hybrid,global_log_robust_score_60pct_fire_count_40pct_burned_area,21955.0,0.7661125028467319,9.730383384791782,8.544029845369797,9.99679572966978,35.92222222222222,2.567092034029389,40.11987878787878,0.079292706691506,1,9.0,,,9.0,9.0,9.0,9.0,2.302585092994046,2.302585092994046,2.302585092994046,17.1106,,,17.1106,17.1106,17.1106,17.1106,2.8964974022134315,2.8964974022134315,2.8964974022134315,0.4099294010475974,0.7793486677294467
Sidi Bouzid,2017,0.0,0.0,16820.0,5135.0,21.272126366616064,44.44444444444444,0.3555555555555555,88.8,13.01565390444876,1016.840465441503,0.0944268191107382,-0.0640609529810337,0.0081922118807939,0.0,Low,Low,0.0,Low,Medium,0.0,0.0,1.0,9.0,0.4854724652205579,0.33107767566574847,strategic_annual_v2_robust_hybrid,global_log_robust_score_60pct_fire_count_40pct_burned_area,21955.0,0.7661125028467319,9.730383384791782,8.544029845369797,9.99679572966978,44.08888888888889,0.44984255510571297,42.66844444444444,0.0640609529810337,2,0.0,9.0,,4.5,9.0,4.5,9.0,0.0,1.7047480922384253,2.302585092994046,0.0,17.1106,,8.5553,17.1106,8.5553,17.1106,0.0,2.25709597437361,2.8964974022134315,0.0,0.0
Sidi Bouzid,2018,0.0,0.0,16820.0,5135.0,20.45376754505939,45.14545454545455,1.8272727272727276,145.47272727272727,13.72608376889212,1015.0103880944704,0.0955617574094754,-0.0658221039135673,0.0047613527309758,0.0,Low,Low,0.0,Low,Medium,0.0,0.0,1.0,9.0,0.6587137819103491,0.3373199838400732,strategic_annual_v2_robust_hybrid,global_log_robust_score_60pct_fire_count_40pct_burned_area,21955.0,0.7661125028467319,9.730383384791782,8.544029845369797,9.99679572966978,43.31818181818182,0.29037539469067947,42.236000000000004,0.0658221039135673,3,0.0,0.0,9.0,3.0,9.0,3.0,9.0,0.0,1.3862943611198906,2.302585092994046,0.0,0.0,17.1106,5.703533333333334,17.1106,5.703533333333334,17.1106,0.0,1.9026347505739054,2.8964974022134315,0.0,0.0
Sidi Bouzid,2019,0.0,0.0,16820.0,5135.0,20.614126650036905,44.88181818181818,-1.9909090909090907,135.0,14.138777271102883,1015.6160992473164,0.1002167567313819,-0.0613751843207113,0.0105994909584519,0.0,Low,Low,0.0,Low,Medium,0.0,0.0,1.0,9.0,0.11357032425284572,0.3147709069463417,strategic_annual_v2_robust_hybrid,global_log_robust_score_60pct_fire_count_40pct_burned_area,21955.0,0.7661125028467319,9.730383384791782,8.544029845369797,9.99679572966978,46.872727272727275,0.30952978056426333,42.18181818181818,0.0613751843207113,4,0.0,0.0,0.0,0.0,0.0,2.25,9.0,0.0,0.0,2.302585092994046,0.0,0.0,0.0,0.0,0.0,4.27765,17.1106,0.0,0.0,2.8964974022134315,0.0,0.0
Sidi Bouzid,2020,0.0,0.0,16820.0,5135.0,21.32628943746091,44.554545454545455,1.1909090909090911,142.9090909090909,13.39006922932628,1016.870473618858,0.089773676161205,-0.0687745252228453,0.0008038702147865,0.0,Low,Low,0.0,Low,Medium,0.0,0.0,1.0,9.0,0.15644251752073893,0.31690867683674645,strategic_annual_v2_robust_hybrid,global_log_robust_score_60pct_fire_count_40pct_burned_area,21955.0,0.7661125028467319,9.730383384791782,8.544029845369797,9.99679572966978,43.36363636363637,0.2913793103448276,41.696363636363635,0.0687745252228453,5,0.0,0.0,0.0,0.0,0.0,1.8,9.0,0.0,0.0,2.302585092994046,0.0,0.0,0.0,0.0,0.0,3.4221200000000005,17.1106,0.0,0.0,2.8964974022134315,0.0,0.0
Sidi Bouzid,2021,0.0,0.0,16820.0,5135.0,22.090646902066204,47.654545454545456,0.1,152.75454545454545,13.769729967386246,1016.1590162087292,0.0905608688829926,-0.0713604012728932,-0.0033992255451026,0.0,Low,Low,0.0,Low,Medium,0.0,0.0,1.0,9.0,0.18197593726931865,0.31814452734121396,strategic_annual_v2_robust_hybrid,global_log_robust_score_60pct_fire_count_40pct_burned_area,21955.0,0.7661125028467319,9.730383384791782,8.544029845369797,9.99679572966978,47.554545454545455,0.29280008937049656,44.59945454545455,0.0713604012728932,6,0.0,0.0,0.0,0.0,0.0,1.5,9.0,0.0,0.0,2.302585092994046,0.0,0.0,0.0,0.0,0.0,2.851766666666667,17.1106,0.0,0.0,2.8964974022134315,0.0,0.0
Sidi Bouzid,2022,0.0,0.0,16820.0,5135.0,21.252064231033952,44.22727272727273,1.4909090909090907,161.3909090909091,12.909214717074237,1017.148307525276,0.0906242107034538,-0.0700198996998018,-0.0035175941905388,0.0,Low,Low,0.0,Low,Medium,0.0,0.0,1.0,9.0,0.19564340964154636,0.3187951251344859,strategic_annual_v2_robust_hybrid,global_log_robust_score_60pct_fire_count_40pct_burned_area,21955.0,0.7661125028467319,9.730383384791782,8.544029845369797,9.99679572966978,42.736363636363635,0.25804911685142945,40.99945454545455,0.0700198996998018,7,0.0,0.0,0.0,0.0,0.0,1.2857142857142858,9.0,0.0,0.0,2.302585092994046,0.0,0.0,0.0,0.0,0.0,2.444371428571429,17.1106,0.0,0.0,2.8964974022134315,0.0,0.0
Sidi Bouzid,2023,0.0,0.0,16820.0,5135.0,21.327951415829908,48.02,-4.0600000000000005,279.8818181818182,13.476098520463276,1016.4133592864316,0.0809997969514266,-0.0735073927198614,-0.0094693649058173,0.0,Low,Low,0.0,Low,Medium,0.0,0.0,1.0,9.0,0.1645900885410489,0.31730596956915985,strategic_annual_v2_robust_hybrid,global_log_robust_score_60pct_fire_count_40pct_burned_area,21955.0,0.7661125028467319,9.730383384791782,8.544029845369797,9.99679572966978,52.080000000000005,0.16565371467996365,42.42236363636364,0.0735073927198614,8,0.0,0.0,0.0,0.0,0.0,1.125,9.0,0.0,0.0,2.302585092994046,0.0,0.0,0.0,0.0,0.0,2.138825,17.1106,0.0,0.0,2.8964974022134315,0.0,0.0
Sidi Bouzid,2024,2.0,0.11,16820.0,5135.0,21.380369550463985,44.08,-2.0699999999999994,204.7636363636364,13.516285262934412,1016.5428084522988,0.0920861443895239,-0.0728686836881644,-0.0058181283102766,0.1531851115128969,Medium,Medium,0.1531851115128969,Medium,Medium,0.0,0.0,1.0,9.0,0.2492237466372405,0.32127586737163477,strategic_annual_v2_robust_hybrid,global_log_robust_score_60pct_fire_count_40pct_burned_area,21955.0,0.7661125028467319,9.730383384791782,8.544029845369797,9.99679572966978,46.15,0.2052488994243142,39.98472727272727,0.0728686836881644,9,0.0,0.0,0.0,0.0,0.0,1.0,9.0,0.0,0.0,2.302585092994046,0.0,0.0,0.0,0.0,0.0,1.9011777777777779,17.1106,0.0,0.0,2.8964974022134315,0.0,0.0
Sidi Bouzid,2025,8.0,2.75,16820.0,5135.0,20.89816438356164,45.52,-1.9800000000000004,290.94545454545454,12.69,1016.4559146705442,0.0967333375602803,-0.0660922573226358,0.0089816370894008,0.36935579315702183,Medium,Medium,0.36935579315702183,Medium,Medium,0.0,0.0,1.0,9.0,1.3398232614096657,0.3567884589467914,strategic_annual_v2_robust_hybrid,global_log_robust_score_60pct_fire_count_40pct_burned_area,21955.0,0.7661125028467319,9.730383384791782,8.544029845369797,9.99679572966978,47.5,0.1512566457225713,39.701090909090915,0.0660922573226358,10,2.0,0.0,0.0,0.6666666666666666,2.0,1.1,9.0,1.0986122886681098,0.5108256237659906,2.302585092994046,0.11,0.0,0.0,0.03666666666666667,0.11,1.7220600000000001,17.1106,0.10436001532424277,0.036010437523033074,2.8964974022134315,0.09109542245502163,0.00501024823502619
Siliana,2015,42.0,87.87,82399.0,45963.0,26.910591801085896,40.74,14.3,2.055555555555556,13.165516360070134,1019.06875,0.092031613881219,-0.069317410783302,0.0008058387504478,0.7581495171248906,High,High,0.7581495171248906,High,High,0.38768771452410783,0.0,0.6123122854758922,35.949019977248554,69.1835443471748,0.7244594715358486,strategic_annual_v2_robust_hybrid,global_log_robust_score_60pct_fire_count_40pct_burned_area,128362.0,0.6419267384428413,11.319340715897564,10.735613760377523,11.762617466717582,26.44,3.3793548387096775,40.69888888888889,0.069317410783302,0,,,,,,,,,,,,,,,,,,,,,,
Siliana,2016,45.0,638.8836,82399.0,45963.0,22.00346496085974,40.23333333333333,4.311111111111111,5.672727272727273,13.619223517905713,1016.8962394965932,0.0893327709117126,-0.079292706691506,-0.003075862418195,0.8789036467908744,High,High,0.8789036467908744,High,High,0.7073984972484842,0.0,0.29260150275151575,47.32533664602597,471.2922371616223,0.8683293237618179,strategic_annual_v2_robust_hybrid,global_log_robust_score_60pct_fire_count_40pct_burned_area,128362.0,0.6419267384428413,11.319340715897564,10.735613760377523,11.762617466717582,35.92222222222222,2.567092034029389,40.11987878787878,0.079292706691506,1,42.0,,,42.0,42.0,42.0,42.0,3.7612001156935624,3.7612001156935624,3.7612001156935624,87.87,,,87.87,87.87,87.87,87.87,4.487174627750384,4.487174627750384,4.487174627750384,0.3271996385223041,0.6845483865941635
Siliana,2017,45.0,2526.789,82399.0,45963.0,21.272126366616064,44.44444444444444,0.3555555555555555,88.8,13.01565390444876,1016.840465441503,0.0944268191107382,-0.0640609529810337,0.0081922118807939,0.9132659943297445,High,High,0.9132659943297445,High,High,0.8107079008855298,0.0,0.1892920991144702,45.53582868547423,1200.114575416323,0.9148185553984884,strategic_annual_v2_robust_hybrid,global_log_robust_score_60pct_fire_count_40pct_burned_area,128362.0,0.6419267384428413,11.319340715897564,10.735613760377523,11.762617466717582,44.08888888888889,0.44984255510571297,42.66844444444444,0.0640609529810337,2,45.0,42.0,,43.5,45.0,43.5,45.0,3.828641396489095,3.7954891891721947,3.828641396489095,638.8836,87.87,,363.3768,638.8836,363.3768,638.8836,6.461286284812454,5.89818849705825,6.461286284812454,0.35057104127389727,4.977201975662579
Siliana,2018,25.0,710.205,82399.0,45963.0,20.45376754505939,45.14545454545455,1.8272727272727276,145.47272727272727,13.72608376889212,1015.0103880944704,0.0955617574094754,-0.0658221039135673,0.0047613527309758,0.808396661162764,High,High,0.808396661162764,High,High,0.5930409917129984,0.0,0.4069590082870016,45.0,212.80079680394368,0.8168684462708493,strategic_annual_v2_robust_hybrid,global_log_robust_score_60pct_fire_count_40pct_burned_area,128362.0,0.6419267384428413,11.319340715897564,10.735613760377523,11.762617466717582,43.31818181818182,0.29037539469067947,42.236000000000004,0.0658221039135673,3,45.0,45.0,42.0,44.0,45.0,44.0,45.0,3.828641396489095,3.8066624897703196,3.828641396489095,2526.789,638.8836,87.87,1084.5142,2526.789,1084.5142,2526.789,7.835100286593462,6.989809070762034,7.835100286593462,0.35057104127389727,19.684867795765104
Siliana,2019,9.0,12.58,82399.0,45963.0,20.614126650036905,44.88181818181818,-1.9909090909090907,135.0,14.138777271102883,1015.6160992473164,0.1002167567313819,-0.0613751843207113,0.0105994909584519,0.4563014804410841,Medium,Medium,0.4563014804410841,Medium,High,0.38447720673817315,0.0,0.6155227932618268,45.0,39.71226558317201,0.7230147430321779,strategic_annual_v2_robust_hybrid,global_log_robust_score_60pct_fire_count_40pct_burned_area,128362.0,0.6419267384428413,11.319340715897564,10.735613760377523,11.762617466717582,46.872727272727275,0.30952978056426333,42.18181818181818,0.0613751843207113,4,25.0,45.0,45.0,38.333333333333336,45.0,39.25,45.0,3.258096538021482,3.672072335797555,3.828641396489095,710.205,2526.789,638.8836,1291.9592,2526.789,990.9369,2526.789,6.566960714546186,7.164688823749641,7.835100286593462,0.19476168959660958,5.532829030398404
Siliana,2020,32.0,64.035,82399.0,45963.0,21.32628943746091,44.554545454545455,1.1909090909090911,142.9090909090909,13.39006922932628,1016.870473618858,0.089773676161205,-0.0687745252228453,0.0008038702147865,0.7049950915811559,High,High,0.7049950915811559,High,High,0.47093329646842275,0.0,0.5290667035315773,45.0,79.96645312779692,0.7619199834107903,strategic_annual_v2_robust_hybrid,global_log_robust_score_60pct_fire_count_40pct_burned_area,128362.0,0.6419267384428413,11.319340715897564,10.735613760377523,11.762617466717582,43.36363636363637,0.2913793103448276,41.696363636363635,0.0687745252228453,5,9.0,25.0,45.0,26.333333333333332,45.0,33.2,45.0,2.302585092994046,3.3081069585961433,3.828641396489095,12.58,710.205,2526.789,1083.1913333333334,2526.789,795.26552,2526.789,2.60859812213055,6.988589673189173,7.835100286593462,0.07011420825477946,0.09800408220501394
Siliana,2021,33.0,61.18,82399.0,45963.0,22.090646902066204,47.654545454545456,0.1,152.75454545454545,13.769729967386246,1016.1590162087292,0.0905608688829926,-0.0713604012728932,-0.0033992255451026,0.7064567636446027,High,High,0.7064567636446027,High,High,0.5879040362589957,0.0,0.4120959637410043,45.0,204.24312648447255,0.8145568163165481,strategic_annual_v2_robust_hybrid,global_log_robust_score_60pct_fire_count_40pct_burned_area,128362.0,0.6419267384428413,11.319340715897564,10.735613760377523,11.762617466717582,47.554545454545455,0.29280008937049656,44.59945454545455,0.0713604012728932,6,32.0,9.0,25.0,22.0,32.0,33.0,45.0,3.4965075614664802,3.1354942159291497,3.828641396489095,64.035,12.58,710.205,262.27333333333337,710.205,673.3937666666667,2526.789,4.1749255865157044,5.57319278273037,7.835100286593462,0.24929496268366028,0.49886259173275577
Siliana,2022,18.0,1250.515,82399.0,45963.0,21.252064231033952,44.22727272727273,1.4909090909090907,161.3909090909091,12.909214717074237,1017.148307525276,0.0906242107034538,-0.0700198996998018,-0.0035175941905388,0.7947302042366728,High,High,0.7947302042366728,High,High,0.7592737795420673,0.0,0.24072622045793268,45.0,800.8653349550993,0.8916732007939303,strategic_annual_v2_robust_hybrid,global_log_robust_score_60pct_fire_count_40pct_burned_area,128362.0,0.6419267384428413,11.319340715897564,10.735613760377523,11.762617466717582,42.736363636363635,0.25804911685142945,40.99945454545455,0.0700198996998018,7,33.0,32.0,9.0,24.666666666666668,33.0,33.0,45.0,3.5263605246161616,3.245193133185574,3.828641396489095,61.18,64.035,12.58,45.931666666666665,64.035,585.9346571428572,2526.789,4.130033404630607,3.8486926430616526,7.835100286593462,0.2570854302675247,0.476620806780823
Siliana,2023,38.0,1242.03,82399.0,45963.0,21.327951415829908,48.02,-4.0600000000000005,279.8818181818182,13.476098520463276,1016.4133592864316,0.0809997969514266,-0.0735073927198614,-0.0094693649058173,0.8911354750573869,High,High,0.8911354750573869,High,High,0.6671153855659177,0.0,0.33288461443408235,45.0,384.3261126517361,0.850201923504663,strategic_annual_v2_robust_hybrid,global_log_robust_score_60pct_fire_count_40pct_burned_area,128362.0,0.6419267384428413,11.319340715897564,10.735613760377523,11.762617466717582,52.080000000000005,0.16565371467996365,42.42236363636364,0.0735073927198614,8,18.0,33.0,32.0,27.666666666666668,33.0,31.125,45.0,2.9444389791664403,3.355735007585398,3.828641396489095,1250.515,61.18,64.035,458.57666666666665,1250.515,669.0072,2526.789,7.132110096417262,6.130305775901372,7.835100286593462,0.14022841650955892,9.742096570636171
Siliana,2024,30.0,11.0,82399.0,45963.0,21.380369550463985,44.08,-2.0699999999999994,204.7636363636364,13.516285262934412,1016.5428084522988,0.0920861443895239,-0.0728686836881644,-0.0058181283102766,0.6009771783742047,High,High,0.6009771783742047,High,High,0.47327750352672715,0.0,0.5267224964732728,45.0,81.48993000919064,0.7629748765870272,strategic_annual_v2_robust_hybrid,global_log_robust_score_60pct_fire_count_40pct_burned_area,128362.0,0.6419267384428413,11.319340715897564,10.735613760377523,11.762617466717582,46.15,0.2052488994243142,39.98472727272727,0.0728686836881644,9,38.0,18.0,33.0,29.666666666666668,38.0,31.88888888888889,45.0,3.6635616461296463,3.4231762883809305,3.828641396489095,1242.03,1250.515,61.18,851.2416666666667,1250.515,732.6764000000001,2526.789,7.125307226376341,6.7478701329316815,7.835100286593462,0.2960377681868466,9.67599445318708
Siliana,2025,46.0,1446.21,82399.0,45963.0,20.89816438356164,45.52,-1.9800000000000004,290.94545454545454,12.69,1016.4559146705442,0.0967333375602803,-0.0660922573226358,0.0089816370894008,0.9161491068137498,High,High,0.9161491068137498,High,High,0.8125887516874499,0.0,0.18741124831255007,59.78839584558819,632.0362346798922,0.9156649382593525,strategic_annual_v2_robust_hybrid,global_log_robust_score_60pct_fire_count_40pct_burned_area,128362.0,0.6419267384428413,11.319340715897564,10.735613760377523,11.762617466717582,47.5,0.1512566457225713,39.701090909090915,0.0660922573226358,10,30.0,38.0,18.0,28.666666666666668,38.0,31.7,45.0,3.4339872044851463,3.39002408106403,3.828641396489095,11.0,1242.03,1250.515,834.515,1250.515,660.50876,2526.789,2.4849066497880004,6.728048301195654,7.835100286593462,0.2337140275159315,0.08569514342250821
Sousse,2015,2.0,0.055,6320.0,3593.0,26.683333333333334,40.74,14.3,0.0,17.71666666666667,1019.06875,0.092031613881219,-0.069317410783302,0.0008058387504478,0.1503093016718894,Medium,Medium,0.1503093016718894,Medium,Medium,0.0,0.0,1.0,2.1901005888259766,0.9552611976312657,0.19346038762324003,strategic_annual_v2_robust_hybrid,global_log_robust_score_60pct_fire_count_40pct_burned_area,9913.0,0.6375466559063856,8.751632702472298,8.187021067343505,9.20170317858052,26.44,4.074,40.74,0.069317410783302,0,,,,,,,,,,,,,,,,,,,,,,
Sousse,2016,0.0,0.0,6320.0,3593.0,19.77173913043478,34.0,6.0,0.0,16.767391304347825,1016.8962394965932,0.0901455429964953,-0.0773824890622776,-0.0013287955210824,0.0,Low,Low,0.0,Low,Medium,0.0,0.0,1.0,2.0,0.371481533170785,0.1651554679441438,strategic_annual_v2_robust_hybrid,global_log_robust_score_60pct_fire_count_40pct_burned_area,9913.0,0.6375466559063856,8.751632702472298,8.187021067343505,9.20170317858052,28.0,3.4,34.0,0.0773824890622776,1,2.0,,,2.0,2.0,2.0,2.0,1.0986122886681098,1.0986122886681098,1.0986122886681098,0.055,,,0.055,0.055,0.055,0.055,0.053540766928029816,0.053540766928029816,0.053540766928029816,0.20175527085645112,0.005548269948552406
Sousse,2017,0.0,0.0,6320.0,3593.0,18.75726495726496,39.0,2.0,0.0,15.585260115606935,1017.2708978328174,0.0950202613685378,-0.0616070831116321,0.0104152801936478,0.0,Low,Low,0.0,Low,Medium,0.0,0.0,1.0,2.0,0.023516663818272575,0.14859486133260455,strategic_annual_v2_robust_hybrid,global_log_robust_score_60pct_fire_count_40pct_burned_area,9913.0,0.6375466559063856,8.751632702472298,8.187021067343505,9.20170317858052,37.0,3.9,39.0,0.0616070831116321,2,0.0,2.0,,1.0,2.0,1.0,2.0,0.0,0.6931471805599453,1.0986122886681098,0.0,0.055,,0.0275,0.055,0.0275,0.055,0.0,0.02712866738825262,0.053540766928029816,0.0,0.0
Sousse,2018,0.0,0.0,6320.0,3593.0,19.230446927374302,43.0,2.0,0.0,15.253107344632769,1014.3691176470588,0.0961790928862662,-0.0650596213007333,0.0056597768874327,0.0,Low,Low,0.0,Low,Medium,0.0,0.0,1.0,2.0,0.006051748764170462,0.14762091410359743,strategic_annual_v2_robust_hybrid,global_log_robust_score_60pct_fire_count_40pct_burned_area,9913.0,0.6375466559063856,8.751632702472298,8.187021067343505,9.20170317858052,41.0,4.3,43.0,0.0650596213007333,3,0.0,0.0,2.0,0.6666666666666666,2.0,0.6666666666666666,2.0,0.0,0.5108256237659906,1.0986122886681098,0.0,0.0,0.055,0.018333333333333333,0.055,0.018333333333333333,0.055,0.0,0.018167303955448955,0.053540766928029816,0.0,0.0
Sousse,2019,0.0,0.0,6320.0,3593.0,18.97664835164835,42.0,2.5,0.0,16.034444444444443,1015.7022099447514,0.1001373667093062,-0.0603417209549223,0.0113557521509087,0.0,Low,Low,0.0,Low,Medium,0.0,0.0,1.0,2.0,0.008496235519085597,0.1477582462503343,strategic_annual_v2_robust_hybrid,global_log_robust_score_60pct_fire_count_40pct_burned_area,9913.0,0.6375466559063856,8.751632702472298,8.187021067343505,9.20170317858052,39.5,4.2,42.0,0.0603417209549223,4,0.0,0.0,0.0,0.0,0.0,0.5,2.0,0.0,0.0,1.0986122886681098,0.0,0.0,0.0,0.0,0.0,0.01375,0.055,0.0,0.0,0.053540766928029816,0.0,0.0
Sousse,2020,0.0,0.0,6320.0,3593.0,19.16376021798365,42.0,1.0,0.0,15.003814713896457,1017.165459610028,0.0910615079269361,-0.0670019346621858,0.0025136863091293,0.0,Low,Low,0.0,Low,Medium,0.0,0.0,1.0,2.0,0.005726630586502905,0.1476026237103563,strategic_annual_v2_robust_hybrid,global_log_robust_score_60pct_fire_count_40pct_burned_area,9913.0,0.6375466559063856,8.751632702472298,8.187021067343505,9.20170317858052,41.0,4.2,42.0,0.0670019346621858,5,0.0,0.0,0.0,0.0,0.0,0.4,2.0,0.0,0.0,1.0986122886681098,0.0,0.0,0.0,0.0,0.0,0.011,0.055,0.0,0.0,0.053540766928029816,0.0,0.0
Sousse,2021,0.0,0.0,6320.0,3593.0,19.55327868852459,47.0,0.0,211.2,15.238524590163935,1016.2803278688524,0.0912864734419494,-0.069624858033433,-0.0024658016450994,0.0,Low,Low,0.0,Low,Medium,0.0,0.0,1.0,2.0,0.008922691574740777,0.1477821705990944,strategic_annual_v2_robust_hybrid,global_log_robust_score_60pct_fire_count_40pct_burned_area,9913.0,0.6375466559063856,8.751632702472298,8.187021067343505,9.20170317858052,47.0,0.21247739602169982,42.775999999999996,0.069624858033433,6,0.0,0.0,0.0,0.0,0.0,0.3333333333333333,2.0,0.0,0.0,1.0986122886681098,0.0,0.0,0.0,0.0,0.0,0.009166666666666667,0.055,0.0,0.0,0.053540766928029816,0.0,0.0
Sousse,2022,0.0,0.0,6320.0,3593.0,19.974863387978143,42.0,-1.0,230.3,15.127322404371586,1017.0371584699452,0.0898677828043823,-0.0702853058270395,-0.0039047281318194,0.0,Low,Low,0.0,Low,Medium,0.0,0.0,1.0,2.0,0.10730248850190549,0.15304742211591618,strategic_annual_v2_robust_hybrid,global_log_robust_score_60pct_fire_count_40pct_burned_area,9913.0,0.6375466559063856,8.751632702472298,8.187021067343505,9.20170317858052,43.0,0.17478152309612982,37.394,0.0702853058270395,7,0.0,0.0,0.0,0.0,0.0,0.2857142857142857,2.0,0.0,0.0,1.0986122886681098,0.0,0.0,0.0,0.0,0.0,0.007857142857142858,0.055,0.0,0.0,0.053540766928029816,0.0,0.0
Sousse,2023,0.0,0.0,6320.0,3593.0,19.92267759562841,48.0,-3.3,301.3,15.76311475409836,1016.3333333333334,0.0813122660400368,-0.0731862448160316,-0.009075348828835,0.0,Low,Low,0.0,Low,Medium,0.0,0.0,1.0,2.0,0.09867590642520745,0.15260483207083061,strategic_annual_v2_robust_hybrid,global_log_robust_score_60pct_fire_count_40pct_burned_area,9913.0,0.6375466559063856,8.751632702472298,8.187021067343505,9.20170317858052,51.3,0.15419209765499517,41.974,0.0731862448160316,8,0.0,0.0,0.0,0.0,0.0,0.25,2.0,0.0,0.0,1.0986122886681098,0.0,0.0,0.0,0.0,0.0,0.006875,0.055,0.0,0.0,0.053540766928029816,0.0,0.0
Sousse,2024,0.0,0.0,6320.0,3593.0,20.078201634877384,41.0,2.6,219.3,15.26267029972752,1016.3938202247192,0.0926908575597537,-0.0721044549771429,-0.0051737832231014,0.0,Low,Low,0.0,Low,Medium,0.0,0.0,1.0,2.0,0.1642325552381909,0.15588452529290295,strategic_annual_v2_robust_hybrid,global_log_robust_score_60pct_fire_count_40pct_burned_area,9913.0,0.6375466559063856,8.751632702472298,8.187021067343505,9.20170317858052,38.4,0.17880505887483644,36.614,0.0721044549771429,9,0.0,0.0,0.0,0.0,0.0,0.2222222222222222,2.0,0.0,0.0,1.0986122886681098,0.0,0.0,0.0,0.0,0.0,0.006111111111111111,0.055,0.0,0.0,0.053540766928029816,0.0,0.0
Sousse,2025,66.0,12.32,6320.0,3593.0,19.91917808219178,42.0,2.0,355.2,14.242739726027398,1016.2354748603352,0.0967184463527816,-0.0661117097889653,0.0089611435498509,0.7102032375288693,High,High,0.7102032375288693,High,Medium,0.0,0.0,1.0,11.666737032316108,1.4539665034865874,0.39117473050333496,strategic_annual_v2_robust_hybrid,global_log_robust_score_60pct_fire_count_40pct_burned_area,9913.0,0.6375466559063856,8.751632702472298,8.187021067343505,9.20170317858052,40.0,0.11500547645125958,34.896,0.0661117097889653,10,0.0,0.0,0.0,0.0,0.0,0.2,2.0,0.0,0.0,1.0986122886681098,0.0,0.0,0.0,0.0,0.0,0.0055,0.055,0.0,0.0,0.053540766928029816,0.0,0.0
Tataouine,2015,0.0,0.0,606.0,19.0,26.910591801085896,40.74,14.3,0.0,13.165516360070134,1019.06875,0.092031613881219,-0.069317410783302,0.0008058387504478,0.0,Low,Low,0.0,Low,Medium,0.0,0.0,1.0,1.47508082609794,0.5419028541584741,0.145998579118969,strategic_annual_v2_robust_hybrid,global_log_robust_score_60pct_fire_count_40pct_burned_area,625.0,0.9696,6.408528791059498,2.995732273553991,6.439350371100098,26.44,4.074,40.74,0.069317410783302,0,,,,,,,,,,,,,,,,,,,,,,
Tataouine,2016,0.0,0.0,606.0,19.0,22.00346496085974,40.23333333333333,4.311111111111111,0.0,13.619223517905713,1016.8962394965932,0.0901455429964953,-0.0773824890622776,-0.0013287955210824,0.0,Low,Low,0.0,Low,Low,0.0,0.8777057412216395,0.12229425877836053,0.0762881197877414,0.04283681918680581,0.012229425877836052,strategic_annual_v2_robust_hybrid,global_log_robust_score_60pct_fire_count_40pct_burned_area,625.0,0.9696,6.408528791059498,2.995732273553991,6.439350371100098,35.92222222222222,4.0233333333333325,40.23333333333333,0.0773824890622776,1,0.0,,,0.0,0.0,0.0,0.0,0.0,0.0,0.0,0.0,,,0.0,0.0,0.0,0.0,0.0,0.0,0.0,0.0,0.0
Tataouine,2017,0.0,0.0,606.0,19.0,21.272126366616064,44.44444444444444,0.3555555555555555,0.0,13.01565390444876,1016.840465441503,0.0955940021331333,-0.0619258745917777,0.0103752572036639,0.0,Low,Low,0.0,Low,Low,0.0,0.9850558093573212,0.014944190642678823,0.0048483025111906745,0.015062721084166814,0.0014944190642678734,strategic_annual_v2_robust_hybrid,global_log_robust_score_60pct_fire_count_40pct_burned_area,625.0,0.9696,6.408528791059498,2.995732273553991,6.439350371100098,44.08888888888889,4.444444444444445,44.44444444444444,0.0619258745917777,2,0.0,0.0,,0.0,0.0,0.0,0.0,0.0,0.0,0.0,0.0,0.0,,0.0,0.0,0.0,0.0,0.0,0.0,0.0,0.0,0.0
Tataouine,2018,0.0,0.0,606.0,19.0,22.0003937007874,47.0,4.3,0.0,9.352799999999998,1016.417094017094,0.0919317256654851,-0.0673295406319047,0.0020078956726806,0.0,Low,Low,0.0,Low,Low,0.0,0.9746684559915567,0.025331544008443285,0.007077105574643713,0.0284547578660575,0.0025331544008443214,strategic_annual_v2_robust_hybrid,global_log_robust_score_60pct_fire_count_40pct_burned_area,625.0,0.9696,6.408528791059498,2.995732273553991,6.439350371100098,42.7,4.7,47.0,0.0673295406319047,3,0.0,0.0,0.0,0.0,0.0,0.0,0.0,0.0,0.0,0.0,0.0,0.0,0.0,0.0,0.0,0.0,0.0,0.0,0.0,0.0,0.0,0.0
Tataouine,2019,0.0,0.0,606.0,19.0,21.535119047619048,46.0,3.0,0.0,10.23402985074627,1016.4517027863778,0.0996491791848898,-0.0613557011992889,0.0104496262493982,0.0,Low,Low,0.0,Low,Low,0.0,0.9064987304076862,0.09350126959231375,0.06808108757181267,0.009239854175619358,0.00935012695923137,strategic_annual_v2_robust_hybrid,global_log_robust_score_60pct_fire_count_40pct_burned_area,625.0,0.9696,6.408528791059498,2.995732273553991,6.439350371100098,43.0,4.6,46.0,0.0613557011992889,4,0.0,0.0,0.0,0.0,0.0,0.0,0.0,0.0,0.0,0.0,0.0,0.0,0.0,0.0,0.0,0.0,0.0,0.0,0.0,0.0,0.0,0.0
Tataouine,2020,0.0,0.0,606.0,19.0,22.752566735112936,46.0,-0.8,0.0,11.3041067761807,1017.1569915254236,0.0874793053619734,-0.0696594365563374,-0.0002805485584834,0.0,Low,Low,0.0,Low,Low,0.0,0.8685648855542368,0.13143511444576317,0.09432359602219842,0.01890553994662581,0.013143511444576319,strategic_annual_v2_robust_hybrid,global_log_robust_score_60pct_fire_count_40pct_burned_area,625.0,0.9696,6.408528791059498,2.995732273553991,6.439350371100098,46.8,4.6,46.0,0.0696594365563374,5,0.0,0.0,0.0,0.0,0.0,0.0,0.0,0.0,0.0,0.0,0.0,0.0,0.0,0.0,0.0,0.0,0.0,0.0,0.0,0.0,0.0,0.0
Tataouine,2021,0.0,0.0,606.0,19.0,21.98745247148289,48.0,-1.0,31.2,12.612927756653992,1017.0912547528516,0.0967549940489308,-0.0650460083498614,0.0026842746121377,0.0,Low,Low,0.0,Low,Low,0.0,0.9779501661532986,0.02204983384670145,0.005871543954917409,0.02541339909275562,0.002204983384670144,strategic_annual_v2_robust_hybrid,global_log_robust_score_60pct_fire_count_40pct_burned_area,625.0,0.9696,6.408528791059498,2.995732273553991,6.439350371100098,49.0,1.1650485436893203,47.376,0.0650460083498614,6,0.0,0.0,0.0,0.0,0.0,0.0,0.0,0.0,0.0,0.0,0.0,0.0,0.0,0.0,0.0,0.0,0.0,0.0,0.0,0.0,0.0,0.0
Tataouine,2022,0.0,0.0,606.0,19.0,14.928695652173912,36.1,3.0,20.4,9.92,1019.5191304347826,0.102961140156613,-0.0535423551186107,0.0126766446777361,0.0,Low,Low,0.0,Low,Low,0.0,0.701755820967277,0.29824417903272304,0.2124559859899383,0.07320730861623581,0.029824417903272313,strategic_annual_v2_robust_hybrid,global_log_robust_score_60pct_fire_count_40pct_burned_area,625.0,0.9696,6.408528791059498,2.995732273553991,6.439350371100098,33.1,1.1875,35.692,0.0535423551186107,7,0.0,0.0,0.0,0.0,0.0,0.0,0.0,0.0,0.0,0.0,0.0,0.0,0.0,0.0,0.0,0.0,0.0,0.0,0.0,0.0,0.0,0.0
Tataouine,2023,0.0,0.0,606.0,19.0,21.327951415829908,48.02,-4.0600000000000005,0.0,13.476098520463276,1016.4133592864316,0.0815716221596282,-0.0735203383024515,-0.0094952898352928,0.0,Low,Low,0.0,Low,Low,0.0,0.9754019650955407,0.02459803490445933,0.01683289779633304,0.0039302815826321325,0.0024598034904459304,strategic_annual_v2_robust_hybrid,global_log_robust_score_60pct_fire_count_40pct_burned_area,625.0,0.9696,6.408528791059498,2.995732273553991,6.439350371100098,52.080000000000005,4.8020000000000005,48.02,0.0735203383024515,8,0.0,0.0,0.0,0.0,0.0,0.0,0.0,0.0,0.0,0.0,0.0,0.0,0.0,0.0,0.0,0.0,0.0,0.0,0.0,0.0,0.0,0.0
Tataouine,2024,0.0,0.0,606.0,19.0,21.380369550463985,44.08,-2.0699999999999994,0.0,13.516285262934412,1016.5428084522988,0.0893884082498809,-0.0806835663430985,-0.0115982438228795,0.0,Low,Low,0.0,Low,Low,0.0,0.7570005128807823,0.2429994871192177,0.17931140937301396,0.039447853363885156,0.02429994871192177,strategic_annual_v2_robust_hybrid,global_log_robust_score_60pct_fire_count_40pct_burned_area,625.0,0.9696,6.408528791059498,2.995732273553991,6.439350371100098,46.15,4.4079999999999995,44.08,0.0806835663430985,9,0.0,0.0,0.0,0.0,0.0,0.0,0.0,0.0,0.0,0.0,0.0,0.0,0.0,0.0,0.0,0.0,0.0,0.0,0.0,0.0,0.0,0.0
Tataouine,2025,0.0,0.0,606.0,19.0,20.89816438356164,45.52,-1.9800000000000004,0.0,12.69,1016.4559146705442,0.0968822496352681,-0.0658977326593409,0.0091865724849,0.0,Low,Low,0.0,Low,Low,0.0,0.09512863500874588,0.9048713649912541,0.9176701322359652,0.0581678532156426,0.09048713649912542,strategic_annual_v2_robust_hybrid,global_log_robust_score_60pct_fire_count_40pct_burned_area,625.0,0.9696,6.408528791059498,2.995732273553991,6.439350371100098,47.5,4.5520000000000005,45.52,0.0658977326593409,10,0.0,0.0,0.0,0.0,0.0,0.0,0.0,0.0,0.0,0.0,0.0,0.0,0.0,0.0,0.0,0.0,0.0,0.0,0.0,0.0,0.0,0.0
Tozeur,2015,0.0,0.0,304.0,255.0,26.910591801085896,40.74,14.3,2.055555555555556,13.165516360070134,1019.06875,0.092031613881219,-0.069317410783302,0.0008058387504478,0.0,Low,Low,0.0,Low,Medium,0.0,0.0,1.0,1.9842190791032432,0.72582605114167,0.17745336744393228,strategic_annual_v2_robust_hybrid,global_log_robust_score_60pct_fire_count_40pct_burned_area,559.0,0.5438282647584973,5.720311776607412,5.545177444479562,6.327936783729195,26.44,3.3793548387096775,40.69888888888889,0.069317410783302,0,,,,,,,,,,,,,,,,,,,,,,
Tozeur,2016,0.0,0.0,304.0,255.0,23.302857142857142,45.3,5.6,0.0,16.66176470588235,1017.07,0.0901455429964953,-0.0773824890622776,-0.0013287955210824,0.0,Low,Low,0.0,Low,Low,0.0,0.9637277934585404,0.03627220654145957,0.02548078568574578,0.004499883979544204,0.0036272206541459575,strategic_annual_v2_robust_hybrid,global_log_robust_score_60pct_fire_count_40pct_burned_area,559.0,0.5438282647584973,5.720311776607412,5.545177444479562,6.327936783729195,39.699999999999996,4.529999999999999,45.3,0.0773824890622776,1,0.0,,,0.0,0.0,0.0,0.0,0.0,0.0,0.0,0.0,,,0.0,0.0,0.0,0.0,0.0,0.0,0.0,0.0,0.0
Tozeur,2017,0.0,0.0,304.0,255.0,22.135919540229885,48.0,2.0,0.0,16.99712643678161,1016.968731563422,0.0949788777840261,-0.0619829032522028,0.0100774360159482,0.0,Low,Low,0.0,Low,Low,0.0,0.992725942898864,0.007274057101136044,0.004725396892767219,0.0016874940742954293,0.0007274057101136137,strategic_annual_v2_robust_hybrid,global_log_robust_score_60pct_fire_count_40pct_burned_area,559.0,0.5438282647584973,5.720311776607412,5.545177444479562,6.327936783729195,46.0,4.8,48.0,0.0619829032522028,2,0.0,0.0,,0.0,0.0,0.0,0.0,0.0,0.0,0.0,0.0,0.0,,0.0,0.0,0.0,0.0,0.0,0.0,0.0,0.0,0.0
Tozeur,2018,0.0,0.0,304.0,255.0,22.818282548476454,49.0,4.2,0.0,17.99667590027701,1014.7365994236312,0.096140046359229,-0.0652526070450066,0.0055009856732815,0.0,Low,Low,0.0,Low,Low,0.0,0.9929055203464255,0.007094479653574459,0.004507741614526861,0.001883764367452815,0.0007094479653574437,strategic_annual_v2_robust_hybrid,global_log_robust_score_60pct_fire_count_40pct_burned_area,559.0,0.5438282647584973,5.720311776607412,5.545177444479562,6.327936783729195,44.8,4.9,49.0,0.0652526070450066,3,0.0,0.0,0.0,0.0,0.0,0.0,0.0,0.0,0.0,0.0,0.0,0.0,0.0,0.0,0.0,0.0,0.0,0.0,0.0,0.0,0.0,0.0
Tozeur,2019,0.0,0.0,304.0,255.0,22.68219178082192,48.0,2.0,0.0,18.32301369863013,1015.171780821918,0.1001211871510624,-0.0606474722971634,0.011077423557863,0.0,Low,Low,0.0,Low,Low,0.0,0.9929314630184891,0.007068536981510887,0.004508109193434627,0.001836966550954352,0.000706853698151083,strategic_annual_v2_robust_hybrid,global_log_robust_score_60pct_fire_count_40pct_burned_area,559.0,0.5438282647584973,5.720311776607412,5.545177444479562,6.327936783729195,46.0,4.8,48.0,0.0606474722971634,4,0.0,0.0,0.0,0.0,0.0,0.0,0.0,0.0,0.0,0.0,0.0,0.0,0.0,0.0,0.0,0.0,0.0,0.0,0.0,0.0,0.0,0.0
Tozeur,2020,0.0,0.0,304.0,255.0,23.062841530054644,46.1,3.0,0.0,17.98879781420765,1016.4505464480876,0.0901255366055808,-0.0675673582892482,0.00187413447246,0.0,Low,Low,0.0,Low,Low,0.0,0.9933656652727626,0.006634334727237401,0.00424506140219558,0.001689862480402586,0.0006634334727237465,strategic_annual_v2_robust_hybrid,global_log_robust_score_60pct_fire_count_40pct_burned_area,559.0,0.5438282647584973,5.720311776607412,5.545177444479562,6.327936783729195,43.1,4.61,46.1,0.0675673582892482,5,0.0,0.0,0.0,0.0,0.0,0.0,0.0,0.0,0.0,0.0,0.0,0.0,0.0,0.0,0.0,0.0,0.0,0.0,0.0,0.0,0.0,0.0
Tozeur,2021,0.0,0.0,304.0,255.0,23.572554347826088,49.0,0.9,0.0,18.82146739130435,1015.766847826087,0.0901658871219545,-0.067781832356921,-0.000126512512837,0.0,Low,Low,0.0,Low,Low,0.0,0.9933656652727626,0.006634334727237401,0.00424506140219558,0.001689862480402586,0.0006634334727237465,strategic_annual_v2_robust_hybrid,global_log_robust_score_60pct_fire_count_40pct_burned_area,559.0,0.5438282647584973,5.720311776607412,5.545177444479562,6.327936783729195,48.1,4.9,49.0,0.067781832356921,6,0.0,0.0,0.0,0.0,0.0,0.0,0.0,0.0,0.0,0.0,0.0,0.0,0.0,0.0,0.0,0.0,0.0,0.0,0.0,0.0,0.0,0.0
Tozeur,2022,0.0,0.0,304.0,255.0,23.683287671232875,48.0,3.0,20.9,17.820273972602738,1016.494794520548,0.0895423889871452,-0.0706292726956057,-0.0043547257721499,0.0,Low,Low,0.0,Low,Low,0.0,0.96034594383855,0.03965405616145001,0.006866538607929635,0.055339522080262174,0.003965405616145008,strategic_annual_v2_robust_hybrid,global_log_robust_score_60pct_fire_count_40pct_burned_area,559.0,0.5438282647584973,5.720311776607412,5.545177444479562,6.327936783729195,45.0,1.5533980582524272,47.582,0.0706292726956057,7,0.0,0.0,0.0,0.0,0.0,0.0,0.0,0.0,0.0,0.0,0.0,0.0,0.0,0.0,0.0,0.0,0.0,0.0,0.0,0.0,0.0,0.0
Tozeur,2023,0.0,0.0,304.0,255.0,23.56712328767124,49.0,2.0,55.0,17.1,1015.7646575342466,0.0812329838610668,-0.0732600375644541,-0.0093461580516236,0.0,Low,Low,0.0,Low,Low,0.0,0.8969106522003306,0.10308934779966938,0.016345056371987403,0.15461116645847084,0.010308934779966944,strategic_annual_v2_robust_hybrid,global_log_robust_score_60pct_fire_count_40pct_burned_area,559.0,0.5438282647584973,5.720311776607412,5.545177444479562,6.327936783729195,47.0,0.7538461538461538,47.9,0.0732600375644541,8,0.0,0.0,0.0,0.0,0.0,0.0,0.0,0.0,0.0,0.0,0.0,0.0,0.0,0.0,0.0,0.0,0.0,0.0,0.0,0.0,0.0,0.0
Tozeur,2024,0.0,0.0,304.0,255.0,23.95437158469945,48.0,3.3,85.9,18.624043715846994,1015.65,0.092530341149867,-0.0721330324054009,-0.0053739426960587,0.0,Low,Low,0.0,Low,Low,0.0,0.8452684461402512,0.1547315538597488,0.08897499837445043,0.07412238531452509,0.015473155385974883,strategic_annual_v2_robust_hybrid,global_log_robust_score_60pct_fire_count_40pct_burned_area,559.0,0.5438282647584973,5.720311776607412,5.545177444479562,6.327936783729195,44.7,0.5005213764337851,46.282,0.0721330324054009,9,0.0,0.0,0.0,0.0,0.0,0.0,0.0,0.0,0.0,0.0,0.0,0.0,0.0,0.0,0.0,0.0,0.0,0.0,0.0,0.0,0.0,0.0
Tozeur,2025,0.0,0.0,304.0,255.0,23.35698630136986,47.2,4.8,172.3,17.32958904109589,1015.54,0.0967184463527816,-0.0661117097889653,0.0089611435498509,0.0,Low,Low,0.0,Low,Medium,0.0,0.0,1.0,1.3941946048031935,0.16008162514813082,0.1254432050176706,strategic_annual_v2_robust_hybrid,global_log_robust_score_60pct_fire_count_40pct_burned_area,559.0,0.5438282647584973,5.720311776607412,5.545177444479562,6.327936783729195,42.400000000000006,0.25891387822270984,43.754000000000005,0.0661117097889653,10,0.0,0.0,0.0,0.0,0.0,0.0,0.0,0.0,0.0,0.0,0.0,0.0,0.0,0.0,0.0,0.0,0.0,0.0,0.0,0.0,0.0,0.0
Tunis,2015,3.0,0.12,1702.0,182.0,26.910591801085896,40.74,14.3,2.055555555555556,13.165516360070134,1019.06875,0.092031613881219,-0.069317410783302,0.0008058387504478,0.19225917252504632,Medium,Medium,0.19225917252504632,Medium,Medium,0.0,0.0,1.0,2.0667776824053523,0.4929032229317072,0.17290731132195303,strategic_annual_v2_robust_hybrid,global_log_robust_score_60pct_fire_count_40pct_burned_area,1884.0,0.9033970276008493,7.440146680662688,5.209486152841421,7.541683099882111,26.44,3.3793548387096775,40.69888888888889,0.069317410783302,0,,,,,,,,,,,,,,,,,,,,,,
Tunis,2016,0.0,0.0,1702.0,182.0,22.00346496085974,40.23333333333333,4.311111111111111,5.672727272727273,13.619223517905713,1016.8962394965932,0.0893327709117126,-0.079292706691506,-0.003075862418195,0.0,Low,Low,0.0,Low,Medium,0.0,0.0,1.0,3.0,0.1972678983771951,0.19603442336089827,strategic_annual_v2_robust_hybrid,global_log_robust_score_60pct_fire_count_40pct_burned_area,1884.0,0.9033970276008493,7.440146680662688,5.209486152841421,7.541683099882111,35.92222222222222,2.567092034029389,40.11987878787878,0.079292706691506,1,3.0,,,3.0,3.0,3.0,3.0,1.3862943611198906,1.3862943611198906,1.3862943611198906,0.12,,,0.12,0.12,0.12,0.12,0.11332868530700317,0.11332868530700317,0.11332868530700317,1.5923566878980893,0.06369426751592357
Tunis,2017,2.0,0.75,1702.0,182.0,21.272126366616064,44.44444444444444,0.3555555555555555,88.8,13.01565390444876,1016.840465441503,0.0944268191107382,-0.0640609529810337,0.0081922118807939,0.17894757499608882,Medium,Medium,0.17894757499608882,Medium,Medium,0.0,0.0,1.0,3.0,0.18878820780218938,0.19563220387603342,strategic_annual_v2_robust_hybrid,global_log_robust_score_60pct_fire_count_40pct_burned_area,1884.0,0.9033970276008493,7.440146680662688,5.209486152841421,7.541683099882111,44.08888888888889,0.44984255510571297,42.66844444444444,0.0640609529810337,2,0.0,3.0,,1.5,3.0,1.5,3.0,0.0,0.9162907318741551,1.3862943611198906,0.0,0.12,,0.06,0.12,0.06,0.12,0.0,0.058268908123975775,0.11332868530700317,0.0,0.0
Tunis,2018,2.0,0.8,1702.0,182.0,20.45376754505939,45.14545454545455,1.8272727272727276,145.47272727272727,13.72608376889212,1015.0103880944704,0.0955617574094754,-0.0658221039135673,0.0047613527309758,0.18054173641656104,Medium,Medium,0.18054173641656104,Medium,Medium,0.0,0.0,1.0,3.0,0.4312195849413451,0.20613469348641938,strategic_annual_v2_robust_hybrid,global_log_robust_score_60pct_fire_count_40pct_burned_area,1884.0,0.9033970276008493,7.440146680662688,5.209486152841421,7.541683099882111,43.31818181818182,0.29037539469067947,42.236000000000004,0.0658221039135673,3,2.0,0.0,3.0,1.6666666666666667,3.0,1.6666666666666667,3.0,1.0986122886681098,0.9808292530117263,1.3862943611198906,0.75,0.0,0.12,0.29,0.75,0.29,0.75,0.5596157879354227,0.25464221837358075,0.5596157879354227,1.0615711252653928,0.3980891719745223
Tunis,2019,0.0,0.0,1702.0,182.0,20.614126650036905,44.88181818181818,-1.9909090909090907,135.0,14.138777271102883,1015.6160992473164,0.1002167567313819,-0.0613751843207113,0.0105994909584519,0.0,Low,Low,0.0,Low,Medium,0.0,0.0,1.0,3.0,0.2370474006791062,0.1978840458687923,strategic_annual_v2_robust_hybrid,global_log_robust_score_60pct_fire_count_40pct_burned_area,1884.0,0.9033970276008493,7.440146680662688,5.209486152841421,7.541683099882111,46.872727272727275,0.30952978056426333,42.18181818181818,0.0613751843207113,4,2.0,2.0,0.0,1.3333333333333333,2.0,1.75,3.0,1.0986122886681098,0.8472978603872036,1.3862943611198906,0.8,0.75,0.0,0.5166666666666667,0.8,0.4175,0.8,0.5877866649021191,0.4165149442947494,0.5877866649021191,1.0615711252653928,0.42462845010615713
Tunis,2020,3.0,0.3,1702.0,182.0,21.32628943746091,44.554545454545455,1.1909090909090911,142.9090909090909,13.39006922932628,1016.870473618858,0.089773676161205,-0.0687745252228453,0.0008038702147865,0.20069294513554245,Medium,Medium,0.20069294513554245,Medium,Medium,0.0,0.0,1.0,3.0,0.1348970954918901,0.19300689961721074,strategic_annual_v2_robust_hybrid,global_log_robust_score_60pct_fire_count_40pct_burned_area,1884.0,0.9033970276008493,7.440146680662688,5.209486152841421,7.541683099882111,43.36363636363637,0.2913793103448276,41.696363636363635,0.0687745252228453,5,0.0,2.0,2.0,1.3333333333333333,2.0,1.4,3.0,0.0,0.8472978603872036,1.3862943611198906,0.0,0.8,0.75,0.5166666666666667,0.8,0.33399999999999996,0.8,0.0,0.4165149442947494,0.5877866649021191,0.0,0.0
Tunis,2021,2.0,0.32,1702.0,182.0,22.090646902066204,47.654545454545456,0.1,152.75454545454545,13.769729967386246,1016.1590162087292,0.0905608688829926,-0.0713604012728932,-0.0033992255451026,0.16299038288021828,Medium,Medium,0.16299038288021828,Medium,Medium,0.0,0.0,1.0,3.0,0.5964609250668076,0.21231773761468403,strategic_annual_v2_robust_hybrid,global_log_robust_score_60pct_fire_count_40pct_burned_area,1884.0,0.9033970276008493,7.440146680662688,5.209486152841421,7.541683099882111,47.554545454545455,0.29280008937049656,44.59945454545455,0.0713604012728932,6,3.0,0.0,2.0,1.6666666666666667,3.0,1.6666666666666667,3.0,1.3862943611198906,0.9808292530117263,1.3862943611198906,0.3,0.0,0.8,0.3666666666666667,0.8,0.3283333333333333,0.8,0.26236426446749106,0.31237468504215243,0.5877866649021191,1.5923566878980893,0.1592356687898089
Tunis,2022,1.0,0.007,1702.0,182.0,21.252064231033952,44.22727272727273,1.4909090909090907,161.3909090909091,12.909214717074237,1017.148307525276,0.0906242107034538,-0.0700198996998018,-0.0035175941905388,0.09331775137482871,Low,Low,0.09331775137482871,Low,Medium,0.0,0.0,1.0,3.0,0.35426562604778045,0.20300715573809058,strategic_annual_v2_robust_hybrid,global_log_robust_score_60pct_fire_count_40pct_burned_area,1884.0,0.9033970276008493,7.440146680662688,5.209486152841421,7.541683099882111,42.736363636363635,0.25804911685142945,40.99945454545455,0.0700198996998018,7,2.0,3.0,0.0,1.6666666666666667,3.0,1.7142857142857142,3.0,1.0986122886681098,0.9808292530117263,1.3862943611198906,0.32,0.3,0.0,0.20666666666666667,0.32,0.3271428571428571,0.8,0.2776317365982795,0.18786173716957,0.5877866649021191,1.0615711252653928,0.16985138004246286
Tunis,2023,0.0,0.0,1702.0,182.0,21.327951415829908,48.02,-4.0600000000000005,279.8818181818182,13.476098520463276,1016.4133592864316,0.0809997969514266,-0.0735073927198614,-0.0094693649058173,0.0,Low,Low,0.0,Low,Medium,0.0,0.0,1.0,3.0,0.18434630536107166,0.19542036332811658,strategic_annual_v2_robust_hybrid,global_log_robust_score_60pct_fire_count_40pct_burned_area,1884.0,0.9033970276008493,7.440146680662688,5.209486152841421,7.541683099882111,52.080000000000005,0.16565371467996365,42.42236363636364,0.0735073927198614,8,1.0,2.0,3.0,2.0,3.0,1.625,3.0,0.6931471805599453,1.0986122886681098,1.3862943611198906,0.007,0.32,0.3,0.209,0.32,0.287125,0.8,0.006975613736425242,0.18979357163265562,0.5877866649021191,0.5307855626326964,0.0037154989384288748
Tunis,2024,0.0,0.0,1702.0,182.0,21.380369550463985,44.08,-2.0699999999999994,204.7636363636364,13.516285262934412,1016.5428084522988,0.0920861443895239,-0.0728686836881644,-0.0058181283102766,0.0,Low,Low,0.0,Low,Medium,0.0,0.0,1.0,3.0,0.1008533281514006,0.19128340558319207,strategic_annual_v2_robust_hybrid,global_log_robust_score_60pct_fire_count_40pct_burned_area,1884.0,0.9033970276008493,7.440146680662688,5.209486152841421,7.541683099882111,46.15,0.2052488994243142,39.98472727272727,0.0728686836881644,9,0.0,1.0,2.0,1.0,2.0,1.4444444444444444,3.0,0.0,0.6931471805599453,1.3862943611198906,0.0,0.007,0.32,0.109,0.32,0.25522222222222224,0.8,0.0,0.10345870836822998,0.5877866649021191,0.0,0.0
Tunis,2025,2.0,0.0,1702.0,182.0,20.89816438356164,45.52,-1.9800000000000004,290.94545454545454,12.69,1016.4559146705442,0.0967333375602803,-0.0660922573226358,0.0089816370894008,0.14727948385116402,Medium,Medium,0.14727948385116402,Medium,Medium,0.0,0.0,1.0,3.6872778078498007,0.1075152438351191,0.21288099344698477,strategic_annual_v2_robust_hybrid,global_log_robust_score_60pct_fire_count_40pct_burned_area,1884.0,0.9033970276008493,7.440146680662688,5.209486152841421,7.541683099882111,47.5,0.1512566457225713,39.701090909090915,0.0660922573226358,10,0.0,0.0,1.0,0.3333333333333333,1.0,1.3,3.0,0.0,0.2876820724517809,1.3862943611198906,0.0,0.0,0.007,0.0023333333333333335,0.007,0.22970000000000002,0.8,0.0,0.0023306153382823248,0.5877866649021191,0.0,0.0
Zaghouan,2015,24.0,18.045,52575.0,25291.0,26.910591801085896,40.74,14.3,2.055555555555556,13.165516360070134,1019.06875,0.092031613881219,-0.069317410783302,0.0008058387504478,0.5982777783117064,High,High,0.5982777783117064,High,High,0.15707044221762217,0.0,0.8429295577823779,23.71187085399116,28.083538848591083,0.62068169899793,strategic_annual_v2_robust_hybrid,global_log_robust_score_60pct_fire_count_40pct_burned_area,77866.0,0.6751984177946729,10.870015020836995,10.138243419178504,11.262757522080854,26.44,3.3793548387096775,40.69888888888889,0.069317410783302,0,,,,,,,,,,,,,,,,,,,,,,
Zaghouan,2016,31.0,47.397,52575.0,25291.0,22.00346496085974,40.23333333333333,4.311111111111111,5.672727272727273,13.619223517905713,1016.8962394965932,0.0893327709117126,-0.079292706691506,-0.003075862418195,0.6841485032312336,High,High,0.6841485032312336,High,High,0.2183610368603928,0.0,0.7816389631396072,24.0,45.067059585371084,0.6482624665871768,strategic_annual_v2_robust_hybrid,global_log_robust_score_60pct_fire_count_40pct_burned_area,77866.0,0.6751984177946729,10.870015020836995,10.138243419178504,11.262757522080854,35.92222222222222,2.567092034029389,40.11987878787878,0.079292706691506,1,24.0,,,24.0,24.0,24.0,24.0,3.2188758248682006,3.2188758248682006,3.2188758248682006,18.045,,,18.045,18.045,18.045,18.045,2.9468045999305676,2.9468045999305676,2.9468045999305676,0.30822181696761103,0.23174427863252256
Zaghouan,2017,18.0,546.597,52575.0,25291.0,21.272126366616064,44.44444444444444,0.3555555555555555,88.8,13.01565390444876,1016.840465441503,0.0944268191107382,-0.0640609529810337,0.0081922118807939,0.7515543102555434,High,High,0.7515543102555434,High,High,0.5054807351189661,0.0,0.4945192648810339,31.0,250.76183230586594,0.7774663308035348,strategic_annual_v2_robust_hybrid,global_log_robust_score_60pct_fire_count_40pct_burned_area,77866.0,0.6751984177946729,10.870015020836995,10.138243419178504,11.262757522080854,44.08888888888889,0.44984255510571297,42.66844444444444,0.0640609529810337,2,31.0,24.0,,27.5,31.0,27.5,31.0,3.4657359027997265,3.349904087274605,3.4657359027997265,47.397,18.045,,32.721000000000004,47.397,32.721000000000004,47.397,3.879437828330457,3.518120788684435,3.879437828330457,0.3981198469164976,0.6086995607839109
Zaghouan,2018,14.0,17.049,52575.0,25291.0,20.45376754505939,45.14545454545455,1.8272727272727276,145.47272727272727,13.72608376889212,1015.0103880944704,0.0955617574094754,-0.0658221039135673,0.0047613527309758,0.5267570792559269,Medium,Medium,0.5267570792559269,Medium,High,0.26991765685889374,0.0,0.7300823431411063,31.0,37.67787589593402,0.6714629455865022,strategic_annual_v2_robust_hybrid,global_log_robust_score_60pct_fire_count_40pct_burned_area,77866.0,0.6751984177946729,10.870015020836995,10.138243419178504,11.262757522080854,43.31818181818182,0.29037539469067947,42.236000000000004,0.0658221039135673,3,18.0,31.0,24.0,24.333333333333332,31.0,24.333333333333332,31.0,2.9444389791664403,3.2321210516182215,3.4657359027997265,546.597,47.397,18.045,204.013,546.597,204.013,546.597,6.305539614947863,5.323073391761931,6.305539614947863,0.23116636272570826,7.01971335371022
Zaghouan,2019,11.0,5.207,52575.0,25291.0,20.614126650036905,44.88181818181818,-1.9909090909090907,135.0,14.138777271102883,1015.6160992473164,0.1002167567313819,-0.0613751843207113,0.0105994909584519,0.43643875362196144,Medium,Medium,0.43643875362196144,Medium,High,0.24356270202439678,0.0,0.7564372979756032,31.0,30.36495289345597,0.6596032159109786,strategic_annual_v2_robust_hybrid,global_log_robust_score_60pct_fire_count_40pct_burned_area,77866.0,0.6751984177946729,10.870015020836995,10.138243419178504,11.262757522080854,46.872727272727275,0.30952978056426333,42.18181818181818,0.0613751843207113,4,14.0,18.0,31.0,21.0,31.0,21.75,31.0,2.70805020110221,3.091042453358316,3.4657359027997265,17.049,546.597,47.397,203.681,546.597,157.272,546.597,2.8930902815821113,5.3214526696001565,6.305539614947863,0.1797960598977731,0.21895307322836668
Zaghouan,2020,17.0,35.4,52575.0,25291.0,21.32628943746091,44.554545454545455,1.1909090909090911,142.9090909090909,13.39006922932628,1016.870473618858,0.089773676161205,-0.0687745252228453,0.0008038702147865,0.5908949856447165,High,High,0.5908949856447165,High,High,0.30313735858620494,0.0,0.6968626414137951,31.0,49.371895266737766,0.6864118113637923,strategic_annual_v2_robust_hybrid,global_log_robust_score_60pct_fire_count_40pct_burned_area,77866.0,0.6751984177946729,10.870015020836995,10.138243419178504,11.262757522080854,43.36363636363637,0.2913793103448276,41.696363636363635,0.0687745252228453,5,11.0,14.0,18.0,14.333333333333334,18.0,19.6,31.0,2.4849066497880004,2.7300291078209855,3.4657359027997265,5.207,17.049,546.597,189.61766666666665,546.597,126.859,546.597,1.8256776874315157,5.250269676676333,6.305539614947863,0.14126833277682171,0.0668712917062646
Zaghouan,2021,26.0,1426.89,52575.0,25291.0,22.090646902066204,47.654545454545456,0.1,152.75454545454545,13.769729967386246,1016.1590162087292,0.0905608688829926,-0.0713604012728932,-0.0033992255451026,0.841838451553492,High,High,0.841838451553492,High,High,0.6586167919862549,0.0,0.3413832080137451,31.0,849.8478068714033,0.8463775563938147,strategic_annual_v2_robust_hybrid,global_log_robust_score_60pct_fire_count_40pct_burned_area,77866.0,0.6751984177946729,10.870015020836995,10.138243419178504,11.262757522080854,47.554545454545455,0.29280008937049656,44.59945454545455,0.0713604012728932,6,17.0,11.0,14.0,14.0,17.0,19.166666666666668,31.0,2.8903717578961645,2.70805020110221,3.4657359027997265,35.4,5.207,17.049,19.218666666666667,35.4,111.61583333333333,546.597,3.594568774642695,3.0066062701058693,6.305539614947863,0.21832378701872449,0.45462718002722624
Zaghouan,2022,25.0,675.055,52575.0,25291.0,21.252064231033952,44.22727272727273,1.4909090909090907,161.3909090909091,12.909214717074237,1017.148307525276,0.0906242107034538,-0.0700198996998018,-0.0035175941905388,0.8055283758197314,High,High,0.8055283758197314,High,High,0.5187812552738722,0.0,0.4812187447261278,31.0,278.84903396922005,0.7834515648732425,strategic_annual_v2_robust_hybrid,global_log_robust_score_60pct_fire_count_40pct_burned_area,77866.0,0.6751984177946729,10.870015020836995,10.138243419178504,11.262757522080854,42.736363636363635,0.25804911685142945,40.99945454545455,0.0700198996998018,7,26.0,17.0,11.0,18.0,26.0,20.142857142857142,31.0,3.295836866004329,2.9444389791664403,3.4657359027997265,1426.89,35.4,5.207,489.1656666666667,1426.89,299.51214285714286,1426.89,7.263953109120179,6.194743429201452,7.263953109120179,0.33390696838157863,18.324942850538104
Zaghouan,2023,14.0,12.91,52575.0,25291.0,21.327951415829908,48.02,-4.0600000000000005,279.8818181818182,13.476098520463276,1016.4133592864316,0.0809997969514266,-0.0735073927198614,-0.0094693649058173,0.5120166508679934,Medium,Medium,0.5120166508679934,Medium,High,0.3105707115620068,0.0,0.6894292884379932,31.0,52.43916918562854,0.6897568202029031,strategic_annual_v2_robust_hybrid,global_log_robust_score_60pct_fire_count_40pct_burned_area,77866.0,0.6751984177946729,10.870015020836995,10.138243419178504,11.262757522080854,52.080000000000005,0.16565371467996365,42.42236363636364,0.0735073927198614,8,25.0,26.0,17.0,22.666666666666668,26.0,20.75,31.0,3.258096538021482,3.164067588373206,3.4657359027997265,675.055,1426.89,35.4,712.4483333333333,1426.89,346.455,1426.89,6.5162744336800875,6.5701100213073245,7.263953109120179,0.3210643926745948,8.669444943877943
Zaghouan,2024,3.0,280.0,52575.0,25291.0,21.380369550463985,44.08,-2.0699999999999994,204.7636363636364,13.516285262934412,1016.5428084522988,0.0920861443895239,-0.0728686836881644,-0.0058181283102766,0.5049148019985079,Medium,Medium,0.5049148019985079,Medium,High,0.39972605309121223,0.0,0.6002739469087878,31.0,107.58292190530949,0.7298767238910455,strategic_annual_v2_robust_hybrid,global_log_robust_score_60pct_fire_count_40pct_burned_area,77866.0,0.6751984177946729,10.870015020836995,10.138243419178504,11.262757522080854,46.15,0.2052488994243142,39.98472727272727,0.0728686836881644,9,14.0,25.0,26.0,21.666666666666668,26.0,20.0,31.0,2.70805020110221,3.120895416507997,3.4657359027997265,12.91,675.055,1426.89,704.9516666666667,1426.89,309.39444444444445,1426.89,2.6326080059353516,6.559546774337607,7.263953109120179,0.1797960598977731,0.16579765237716076
Zaghouan,2025,74.0,824.75,52575.0,25291.0,20.89816438356164,45.52,-1.9800000000000004,290.94545454545454,12.69,1016.4559146705442,0.0967333375602803,-0.0660922573226358,0.0089816370894008,0.9588687432967018,High,High,0.9588687432967018,High,High,0.7608285563163976,0.0,0.23917144368360244,77.82775161175363,225.6263025796773,0.8923728503423789,strategic_annual_v2_robust_hybrid,global_log_robust_score_60pct_fire_count_40pct_burned_area,77866.0,0.6751984177946729,10.870015020836995,10.138243419178504,11.262757522080854,47.5,0.1512566457225713,39.701090909090915,0.0660922573226358,10,3.0,14.0,25.0,14.0,25.0,18.3,31.0,1.3862943611198906,2.70805020110221,3.4657359027997265,280.0,12.91,675.055,322.655,675.055,306.45500000000004,1426.89,5.638354669333745,5.779678133659458,7.263953109120179,0.03852772712095138,3.595921197955462
